,Neighborhood,Area Code,Geo Name,Borough,Total Population,Population Previous Census,Population Change,Area in km,Population Density,Green Space Area in km,Green Space to Total Area in km,Walk Score,Healthy Food Index,In Labor Force,Average Income,Low Income Population,Unemployed,Debt Risk Score,Home Prices,Affordability,High Shelter Costs,Owned Dwellings,Rented Dwellings,Own to Rent Ratio,Commute  15 or less,Commute  15 to 29,Commute  30 to 44,Commute  45 to 59,Commute  60 or more,Tenant Average Rent,Population Over 25,Bachelor or Higher,Associates or Diploma,Less than 9th Grade,Drug Arrests,Assaults,Sexual Assaults,Break and Enter,Robberies,Vehicle Thefts,Thefts,Murders,Arsons,Longitude,Latitude,Housing Affordability,Unemployment Rate,Reported Crimes
0,Agincourt North,129,M1S,Scarborough,29113,30280,-3.9,7.3,3988.082191780822,0.25,0.03424657534246575,66,38.09,13865,67622,8250,1360,765,375307,,3155,7335,1810,4.052486187845304,1610,3175,2940,1410,2670,976,21955,5805,10985,5965,10,63,8,49,12,16,4,0,0,-79.266712166,43.8054405769,5.550072461624915,9.808871258564732,162
1,Agincourt South-Malvern West,128,M1S,Scarborough,23757,21990,8.0,7.9,3007.215189873418,0.24,0.030379746835443037,66,35.26,12045,68465,6400,1185,756,332710,,3120,5250,1635,3.2110091743119265,1455,2735,2515,1230,2230,971,17525,5765,10285,4065,9,106,9,61,18,26,11,0,0,-79.2656117966,43.788657551099995,4.859563280508289,9.838107098381071,240
2,Alderwood,20,M8W,Etobicoke,12054,11900,1.3,5.0,2410.8,0.29,0.057999999999999996,70,11.41,6825,83584,1090,415,764,504233,,1005,3635,1030,3.529126213592233,1210,1815,1495,630,895,984,9175,2290,5300,2290,4,31,1,26,8,18,8,0,1,-79.5416109273,43.6049368959,6.032649789433385,6.08058608058608,97
3,Annex,95,M5R,Central Toronto,30526,29180,4.6,2.8,10902.142857142859,0.11,0.03928571428571429,94,38.85,18560,141111,4260,1250,755,993491,,6445,5770,9780,0.5899795501022495,2330,6260,4000,1410,905,1237,24870,16590,20430,1685,43,206,29,123,29,18,20,0,3,-79.4040006243,43.6715854351,7.040492945270036,6.734913793103449,471
4,Banbury-Don Mills,42,M3B,North York,27695,26910,2.9,10.0,2769.5,1.28,0.128,67,21.31,14015,115239,3790,1010,776,613647,,4045,7035,4735,1.4857444561774023,1695,3475,3110,1540,1565,1213,22030,10850,15950,2300,13,68,7,55,12,6,9,0,1,-79.3497179808,43.737657004300004,5.324994142607971,7.20656439529076,171
5,Bathurst Manor,34,M3H,North York,15873,15435,2.8,4.8,3306.875,1.31,0.2729166666666667,61,18.8,8620,76914,2620,620,745,568877,,2175,3230,2790,1.157706093189964,850,1750,2120,1465,1180,1015,11970,4980,8200,2450,0,56,2,34,8,24,4,0,0,-79.4560551588,43.7648133077,7.396273760303716,7.192575406032482,128
6,Bay Street Corridor,76,M5H,Downtown Toronto,25797,19345,1.3,1.8,14331.666666666666,0.14,0.07777777777777778,99,24.83,15000,90324,12820,1535,755,457787,,8520,3775,7625,0.49508196721311476,3175,4900,2200,690,855,1467,17365,15090,17505,695,132,579,88,118,100,25,41,1,3,-79.3857212509,43.6575113467,5.068276427084717,10.233333333333333,1087
7,Bayview Village,52,M2K,North York,21396,17675,21.1,5.2,4114.615384615385,1.12,0.2153846153846154,71,32.12,11885,92800,4250,910,768,533089,,4320,4805,2565,1.8732943469785575,860,2560,3065,1865,1480,1441,16700,9790,13740,1260,8,67,9,33,8,13,5,0,0,-79.3771168597,43.7763605236,5.744493534482759,7.656710138830459,143
8,Bayview Woods-Steeles,49,M2K,North York,13154,13535,-2.8,4.1,3208.2926829268295,0.91,0.22195121951219515,57,35.61,6205,88861,3080,495,777,784397,,1810,2795,1930,1.4481865284974094,480,1385,1320,770,1000,1459,10320,5120,7470,1420,3,31,7,33,0,18,1,0,1,-79.3821179542,43.7968018666,8.827235795230754,7.977437550362611,94
9,Bedford Park-Nortown,39,M5M,North York,23236,23185,0.2,5.5,4224.727272727273,0.09,0.01636363636363636,73,47.74,11835,161110,2440,650,776,1191040,,2320,5960,2755,2.163339382940109,1560,3060,2995,1200,725,1124,15720,9625,12765,1890,5,30,4,100,12,30,9,0,1,-79.4202273481,43.731486231800005,7.392713053193471,5.492184199408534,191
10,Beechborough-Greenbrook,112,M6M,York,6577,6490,1.4,1.8,3653.8888888888887,0.21,0.11666666666666665,62,25.57,3125,58706,1920,355,677,440179,,945,905,1765,0.5127478753541076,255,545,785,460,615,749,4680,610,2135,1630,21,50,14,12,10,7,3,0,0,-79.4794725057,43.6932164866,7.4980240520560075,11.360000000000001,117
11,Bendale,127,M1P,Scarborough,29960,27870,7.5,7.4,4048.6486486486483,0.98,0.1324324324324324,64,29.12,14270,65560,6870,1255,738,329355,,4115,6720,3275,2.051908396946565,1570,2845,3110,1900,3000,977,21150,6295,12265,4455,30,195,30,56,55,46,12,3,2,-79.2574003723,43.7603663086,5.023718730933496,8.794674141555712,429
12,Birchcliffe-Cliffside,122,M1N,Scarborough,22291,21860,2.0,6.0,3715.1666666666665,0.62,0.10333333333333333,71,32.74,12000,90256,3050,1055,747,522905,,2720,6170,3015,2.046434494195688,1270,2420,2770,1750,1890,849,16765,5170,10170,3120,22,163,8,76,19,16,6,0,0,-79.2650925923,43.694681978599995,5.793576050345683,8.791666666666668,310
13,Black Creek,24,M3N,North York,21737,22060,-1.5,3.4,6393.235294117647,0.41,0.12058823529411765,62,41.84,9300,52499,7940,1180,661,235143,,2695,2390,4855,0.4922760041194645,955,2295,2045,875,1745,846,13980,1565,5355,5635,28,198,18,27,28,53,5,1,0,-79.5219793188,43.7648902472,4.478999599992381,12.688172043010754,358
14,Blake-Jones,69,M4J,East York,7727,7765,-0.5,0.9,8585.555555555555,0.02,0.022222222222222223,89,39.98,4080,76633,2040,345,739,571246,,970,1760,1480,1.1891891891891893,345,965,1205,515,335,778,5470,2435,3760,1495,12,61,10,23,13,5,0,1,1,-79.3373941732,43.67617287979999,7.4543081962079,8.455882352941178,126
15,Briar Hill-Belgravia,108,M6E,York,14257,14295,-0.3,1.8,7920.555555555556,0.08,0.044444444444444446,81,34.23,8350,67358,2870,725,719,373937,,1960,2870,2940,0.9761904761904762,605,1530,2590,1235,1260,976,10875,3405,6730,2690,20,53,4,31,15,16,6,0,0,-79.4528512962,43.699024381,5.551486089254432,8.682634730538922,145
16,Bridle Path-Sunnybrook-York Mills,41,M4N,North York,9266,8715,6.3,8.8,1052.9545454545453,1.73,0.19659090909090907,58,22.26,4515,356777,810,360,788,1849084,,740,2805,200,14.025,415,1075,1205,340,190,2388,6480,4795,5635,630,7,18,5,51,1,12,3,0,0,-79.3789041759,43.7310131378,5.182744403366809,7.973421926910299,97
17,Broadview North,57,M4K,East York,11499,11565,-0.6,1.7,6764.117647058823,0.4,0.23529411764705885,74,31.36,6575,67940,2150,540,728,518555,,2275,1915,3695,0.5182679296346414,590,1520,1995,910,590,940,9040,3510,5920,1845,8,45,6,16,9,8,2,0,0,-79.3556295118,43.688825119200004,7.632543420665293,8.212927756653993,94
18,Brookhaven-Amesbury,30,M6M,North York,17757,17785,-0.2,3.5,5073.428571428572,0.41,0.11714285714285713,62,43.1,9105,60364,4780,915,687,352428,,2615,2660,3730,0.7131367292225201,760,1830,2210,1305,1820,893,12005,1920,5925,3825,15,91,9,31,25,29,3,0,1,-79.485589259,43.701326305600006,5.838380491683785,10.049423393739703,204
19,Cabbagetown-South St.James Town,71,M4X,Downtown Toronto,11669,12050,-3.2,1.4,8335.0,0.25,0.17857142857142858,91,43.71,7275,103558,1880,585,744,537025,,2500,2940,3690,0.7967479674796748,900,2470,1700,510,475,976,9960,5105,7370,880,28,96,11,53,16,9,6,0,5,-79.36610665810001,43.667647727399995,5.1857413237026595,8.041237113402062,224
20,Caledonia-Fairbank,109,M6E,York,9955,9855,1.1,1.5,6636.666666666667,0.03,0.02,69,53.48,5550,66257,1720,400,700,400532,,1100,2425,1090,2.2247706422018347,345,1030,1515,1045,1030,941,7295,1160,3320,3045,15,60,7,13,18,13,1,0,0,-79.4552120796,43.688568651000004,6.045127307303379,7.207207207207207,127
21,Casa Loma,96,M4V,Central Toronto,10968,10485,4.6,1.9,5772.631578947368,0.17,0.08947368421052633,80,32.33,6475,188924,950,425,771,1083381,,1980,2225,3095,0.7189014539579968,650,1975,1670,580,220,1494,8820,5920,7460,525,21,27,4,19,1,5,6,0,0,-79.4080066472,43.6818521005,5.734480531854079,6.563706563706563,83
22,Centennial Scarborough,133,M1C,Scarborough,13362,13100,2.1,5.4,2474.4444444444443,0.83,0.15370370370370368,54,9.35,7185,102278,1330,545,774,491024,,765,3965,305,13.0,670,1465,1410,925,1705,1128,9415,4055,7075,1135,1,38,0,18,11,5,1,0,0,-79.1508432723,43.7823764958,4.800876043723968,7.585247042449547,74
23,Church-Yonge Corridor,75,M5B,Downtown Toronto,31340,28345,10.6,1.4,22385.714285714286,0.06,0.04285714285714286,98,33.5,21855,77996,5160,1865,736,410703,,8890,5330,12900,0.4131782945736434,3740,7310,4060,1445,1540,1134,25100,16930,22355,1520,135,466,70,147,108,23,40,3,5,-79.3790171666,43.6596488635,5.265693112467306,8.533516357812857,997
24,Clairlea-Birchmount,120,M1L,Scarborough,26984,24775,8.9,7.4,3646.4864864864862,0.42,0.05675675675675675,69,30.8,14195,69549,5650,1240,741,387912,,3175,5770,2980,1.936241610738255,1355,2580,3510,2655,2305,890,19215,5755,11360,3795,46,215,11,88,30,48,16,1,3,-79.28138178420001,43.713592375,5.577535262908166,8.73547023599859,458
25,Clanton Park,33,M3H,North York,16472,14610,12.7,4.2,3921.904761904762,0.1,0.023809523809523808,63,19.35,9275,89550,2560,565,740,605585,,2235,2925,2610,1.1206896551724137,1095,2255,2410,1220,1090,938,11950,5290,8670,1865,3,57,10,41,7,49,5,1,1,-79.4463025758,43.7419784331,6.762534896705751,6.091644204851752,174
26,Cliffcrest,123,M1M,Scarborough,15935,15700,1.5,7.1,2244.366197183099,1.43,0.20140845070422536,54,25.55,8200,83694,2660,795,748,542218,,1720,4070,1755,2.319088319088319,760,1800,1725,1120,1395,839,11335,3640,7160,2380,18,89,9,57,18,10,3,0,0,-79.2355295687,43.7211211669,6.47857671995603,9.695121951219512,204
27,Corso Italia-Davenport,92,M6H,Central Toronto,14133,13735,2.8,1.9,7438.421052631579,0.13,0.06842105263157895,79,37.94,8310,74367,2120,600,708,502819,,1765,3265,1835,1.779291553133515,530,1545,2610,1340,1215,945,10785,3285,5925,3595,19,57,8,15,25,7,2,0,1,-79.4474693307,43.6776609067,6.7613188645501365,7.2202166064981945,134
28,Danforth,66,M4J,East Toronto,9666,9450,2.4,1.1,8787.272727272726,0.0,0.0,86,32.16,5445,88629,1400,340,755,585093,,1190,2490,1410,1.7659574468085106,435,1285,1865,655,380,828,7150,3295,4840,1630,20,59,9,40,14,5,3,1,0,-79.32981940890001,43.6840254743,6.601597671191145,6.244260789715335,151
29,Danforth-East York,59,M4J,East York,17180,16710,2.8,2.2,7809.090909090908,0.07,0.03181818181818182,77,24.56,9420,83989,2340,650,763,518568,,1900,5005,1945,2.5732647814910026,845,2340,2795,1265,785,923,12845,5255,8510,2705,9,39,3,41,6,11,4,0,0,-79.3314033847,43.6894680941,6.174237102477705,6.900212314225053,113
30,Don Valley Village,47,M2J,North York,27051,26735,1.2,4.1,6597.804878048781,0.24,0.05853658536585366,79,37.87,13880,69884,7040,1330,756,478489,,4065,5010,4735,1.058078141499472,1045,2935,3000,1745,2755,1114,19955,9675,15035,2665,15,103,14,64,17,26,8,0,3,-79.3536441306,43.783293686899995,6.846903439986263,9.5821325648415,250
31,Dorset Park,126,M1P,Scarborough,25003,24360,2.6,6.0,4167.166666666667,0.17,0.028333333333333335,68,32.27,12735,60973,6590,1230,727,279189,,3345,5290,3235,1.6352395672333848,1405,2670,2755,1765,2410,921,17930,4945,10175,4045,28,154,10,69,41,45,13,0,0,-79.2789079388,43.759274372700006,4.578895576730684,9.65842167255595,360
32,Dovercourt-Wallace Emerson-Juncti,93,M6H,West Toronto,36625,34635,5.8,3.7,9898.648648648648,0.24,0.06486486486486485,88,35.06,22330,70893,6400,1610,719,512789,,5690,7460,6485,1.1503469545104086,1550,5335,6665,3055,2475,963,28470,10775,17325,8205,20,196,20,78,35,27,12,0,2,-79.4385406986,43.6656769317,7.2332811420027365,7.210031347962382,390
33,Downsview-Roding-CFB,26,M3M,North York,35052,34650,1.1,14.9,2352.48322147651,0.85,0.057046979865771806,59,23.72,18045,61994,7750,1420,692,400486,,4385,6145,7125,0.8624561403508771,1605,4135,4365,2560,3500,905,25200,4485,12305,9055,54,311,26,53,49,88,10,1,6,-79.4904973518,43.7332923453,6.4600767816240285,7.869215849265725,598
34,Dufferin Grove,83,M6H,West Toronto,11785,11450,2.9,1.4,8417.857142857143,0.08,0.05714285714285715,90,40.07,7555,66895,2140,565,721,502736,,2165,2005,3100,0.646774193548387,630,1835,2140,915,775,1021,9490,3965,6150,2005,20,84,7,27,15,8,3,1,1,-79.4373410365,43.6554283326,7.515300097167202,7.478491065519524,166
35,East End-Danforth,62,M4E,Downtown Toronto,21381,20840,2.6,2.6,8223.461538461539,0.13,0.05,85,35.29,12120,90812,3520,990,741,535867,,2870,4930,4185,1.1780167264038233,1070,2340,3325,2025,1290,831,15585,6860,11085,2660,10,144,15,79,31,21,12,0,2,-79.2993586723,43.684173877700005,5.9008390961546935,8.16831683168317,314
36,Edenbridge-Humber Valley,9,M9A,Etobicoke,15535,14945,4.0,5.5,2824.5454545454545,0.54,0.09818181818181819,49,46.41,8420,119581,1660,510,761,873268,,1900,3230,2790,1.157706093189964,810,2000,2070,1195,1030,1127,11860,5190,8175,1725,3,26,6,46,3,29,1,0,0,-79.5224577643,43.6708859094,7.302732039370803,6.0570071258907365,114
37,Eglinton East,138,M1J,Scarborough,22776,22830,-0.2,3.2,7117.5,0.23,0.071875,62,34.79,10690,57357,6290,1155,705,274020,,2830,3585,4475,0.8011173184357542,940,1840,2300,1760,2435,874,15720,3650,8510,3975,26,165,13,62,32,22,6,0,1,-79.245598036,43.7409222979,4.777446519169413,10.804490177736202,327
38,Elms-Old Rexdale,5,M9W,Etobicoke,9456,9550,-1.0,2.9,3260.689655172414,0.73,0.2517241379310345,48,24.71,4635,61196,2790,465,692,233832,,1080,1910,1315,1.4524714828897338,365,1325,965,540,845,966,6280,1130,3155,2025,9,53,2,9,14,16,0,0,0,-79.54898271649999,43.721518868400004,3.8210340545133668,10.032362459546926,103
39,Englemount-Lawrence,32,M6A,North York,22372,22080,1.3,3.6,6214.444444444444,0.21,0.05833333333333333,70,43.98,10760,86616,5360,955,730,577889,,3005,3445,4690,0.7345415778251599,1465,2065,2710,1550,1140,904,15030,5880,10080,2365,4,111,4,59,42,22,7,0,0,-79.43740855,43.7203446653,6.671850466426526,8.875464684014869,249
40,Eringate-Centennial-West Deane,11,M9C,Etobicoke,18588,18805,-1.2,8.6,2161.3953488372094,2.89,0.336046511627907,57,10.43,10105,88741,2130,750,775,423034,,1555,5840,1060,5.509433962264151,1405,2825,1865,1010,1540,1108,13725,4915,9240,2645,7,52,5,28,15,29,5,0,1,-79.5804452375,43.6580167554,4.7670637022345925,7.422068283028203,142
41,Etobicoke West Mall,13,M9C,Etobicoke,11848,10925,8.4,1.7,6969.411764705883,0.15,0.08823529411764706,74,15.41,6420,67704,2020,505,738,298426,,1695,2250,1790,1.2569832402234637,930,1560,1170,725,1170,1078,8905,2705,5325,1685,0,40,3,13,3,15,0,1,1,-79.5689387722,43.6450626244,4.4078045610303676,7.8660436137071645,76
42,Flemingdon Park,44,M3C,North York,21933,22165,-1.1,2.5,8773.2,0.76,0.304,63,21.66,9910,55824,7800,1050,721,204104,,3520,3755,4280,0.8773364485981309,1070,1880,2000,1615,1825,932,14580,4910,8880,3615,8,123,5,14,19,5,3,0,0,-79.3326459673,43.715929753999994,3.6562052163943823,10.595358224016145,177
43,Forest Hill North,102,M5N,Central Toronto,12806,12475,2.7,1.6,8003.75,0.11,0.06874999999999999,77,29.11,7520,137887,1770,560,749,957688,,1945,1850,3485,0.5308464849354376,740,1755,2255,910,625,1132,9405,5320,7545,995,2,22,2,18,5,6,2,0,1,-79.42814316479999,43.7042175596,6.945455336616215,7.446808510638298,58
44,Forest Hill South,101,M5P,Central Toronto,10732,10925,-1.8,2.5,4292.8,0.12,0.048,76,18.49,6105,251035,860,340,775,1585984,,1650,2635,2160,1.2199074074074074,655,1960,1395,440,370,1206,8130,5575,6990,720,12,9,2,28,1,9,5,0,0,-79.4143178642,43.694525756400004,6.3177803891887585,5.569205569205569,66
45,Glenfield-Jane Heights,25,M3N,North York,30491,31395,-2.9,5.2,5863.653846153846,0.81,0.15576923076923077,61,41.05,13440,56582,9610,1550,678,304262,,3285,4950,5055,0.9792284866468842,1250,3285,3040,1505,2475,818,20415,2110,7655,9295,55,247,24,28,59,63,11,1,5,-79.5134653159,43.745635749799995,5.377363825951716,11.532738095238097,493
46,Greenwood-Coxwell,65,M4L,East Toronto,14417,14075,2.4,1.7,8480.588235294117,0.09,0.052941176470588235,88,44.29,8245,76085,2920,595,738,490920,,1970,3715,2285,1.62582056892779,700,1855,2330,1100,900,829,10705,4590,7255,2565,14,74,11,62,10,14,7,0,1,-79.3243180234,43.6726123109,6.452257343760268,7.216494845360824,193
47,Guildwood,140,M1E,Scarborough,9917,9815,1.0,3.8,2609.7368421052633,0.7,0.18421052631578946,59,15.57,4975,92858,790,395,774,444309,,960,3095,860,3.5988372093023258,415,865,1095,675,1115,1081,7765,2715,5060,1050,4,36,8,17,8,4,1,0,0,-79.1950553496,43.7488293378,4.784821986258589,7.939698492462312,78
48,Henry Farm,53,M2J,North York,15723,11340,38.7,2.6,6047.307692307692,0.21,0.08076923076923076,76,20.8,8605,65901,4220,890,736,372110,,3085,1450,2650,0.5471698113207547,730,1795,1915,1240,1580,1156,10915,6370,9230,920,5,58,11,12,8,9,1,0,0,-79.3412406671,43.7711441425,5.646500053109968,10.342823939570017,104
49,High Park North,88,M6P,West Toronto,22162,21300,4.1,1.9,11664.21052631579,0.06,0.031578947368421054,84,40.24,13715,89737,2940,970,759,609689,,4045,3605,7000,0.515,770,2510,4560,2315,1185,1134,17710,10125,14210,1600,8,74,12,27,20,8,1,0,0,-79.4663021661,43.6575649139,6.79417631523229,7.072548304775792,150
50,High Park-Swansea,87,M6S,West Toronto,23925,21750,10.1,5.3,4514.1509433962265,1.83,0.34528301886792456,79,46.53,14525,116465,2290,865,770,622206,,3260,5975,3875,1.5419354838709678,1065,3025,4445,2275,1145,1053,18605,10665,14845,1540,20,85,11,32,20,11,5,0,3,-79.46787222430001,43.6450645834,5.342429055939553,5.9552495697074015,187
51,Highland Creek,134,M1C,Scarborough,12494,13100,-4.6,5.1,2449.8039215686276,0.19,0.03725490196078432,54,0.63,6655,98857,2120,565,751,529278,,900,3360,445,7.550561797752809,625,1460,1450,675,1510,909,9100,3055,6105,1295,6,50,12,34,7,8,1,0,0,-79.17747247289999,43.7907747688,5.3539759450519435,8.489857250187828,118
52,Hillcrest Village,48,M2H,North York,16934,17650,-4.1,5.3,3195.0943396226417,0.39,0.07358490566037737,68,48.46,7930,81484,4350,660,775,484743,,2260,5060,1485,3.4074074074074074,555,1780,1615,915,1565,678,12845,6445,9545,1985,3,34,12,33,9,20,1,0,2,-79.3548039999,43.8029878281,5.948934760198322,8.32282471626734,114
53,Humber Heights-Westmount,8,M9P,Etobicoke,10948,10580,3.4,2.8,3910.0000000000005,0.43,0.15357142857142858,58,32.82,5115,81267,1780,380,753,491396,,1325,2585,1350,1.9148148148148147,360,1405,1260,595,740,1041,8800,2340,4805,1620,3,25,0,24,8,17,4,1,2,-79.5224162029,43.6922328007,6.046685616547922,7.429130009775172,84
54,Humber Summit,21,M9L,North York,12416,12530,-0.9,7.9,1571.6455696202531,0.69,0.08734177215189873,61,32.33,5755,65757,3330,555,715,354381,,1235,2745,1045,2.626794258373206,675,1520,1260,495,1085,907,8585,1450,3770,3745,12,91,8,39,19,61,18,0,3,-79.5659633,43.7563033,5.389251334458689,9.643788010425716,251
55,Humbermede,22,M9M,North York,15545,15850,-1.9,4.4,3532.954545454545,0.92,0.20909090909090908,58,20.52,7640,59697,4030,780,695,314721,,1895,2660,2455,1.0835030549898168,710,1985,1840,785,1380,966,10440,1955,5115,3475,19,94,9,23,22,44,1,1,0,-79.5423671192,43.7434295175,5.271973466003317,10.209424083769633,213
56,Humewood-Cedarvale,106,M6C,York,14365,14110,1.8,1.9,7560.526315789474,0.22,0.11578947368421053,80,32.85,8890,105770,1820,630,747,800442,,2340,2370,4205,0.5636147443519619,665,2010,2905,1060,800,974,10725,6060,8720,1285,4,47,4,26,7,17,5,0,0,-79.4276833521,43.6913698124,7.567760234471022,7.086614173228346,110
57,Ionview,125,M1K,Scarborough,13641,13095,4.2,2.0,6820.5,0.13,0.065,70,47.14,6905,57069,3350,610,712,330109,,1725,1985,3085,0.6434359805510534,800,1235,1540,1170,1345,863,9745,2600,5655,2430,13,82,10,17,8,5,4,0,0,-79.27247049420001,43.735364407700004,5.784383816082286,8.834178131788558,139
58,Islington-City Centre West,14,M9B,Etobicoke,43965,38070,15.4,16.4,2680.7926829268295,0.51,0.03109756097560976,72,31.01,25665,87747,11590,1870,755,491678,,6380,9955,6290,1.582670906200318,2695,5935,5795,4265,3360,1072,34030,15135,24535,4080,30,186,27,104,33,134,37,0,4,-79.5433165354,43.6334633497,5.603359659019682,7.286187414767192,555
59,Junction Area,90,M6N,West Toronto,14366,14015,2.4,2.6,5525.384615384615,0.1,0.038461538461538464,83,44.09,8890,78000,2190,500,733,532997,,1960,3395,2355,1.4416135881104033,765,1510,2600,1700,1010,1025,10785,5110,7790,1905,14,95,10,31,13,22,3,0,2,-79.47143987359999,43.6678897668,6.833294871794871,5.62429696287964,190
60,Keelesdale-Eglinton West,110,M6M,York,11058,10640,3.9,1.7,6504.705882352941,0.14,0.0823529411764706,69,34.48,5645,64857,1970,485,707,373029,,1510,2510,1470,1.7074829931972788,395,1075,1590,815,1100,796,8075,1105,3115,3425,9,49,5,14,23,17,0,0,0,-79.4714371062,43.6857274725,5.751561126786623,8.591674047829938,117
61,Kennedy Park,124,M1K,Scarborough,17123,17050,0.4,3.6,4756.388888888889,0.12,0.03333333333333333,62,34.96,8510,58513,4810,775,729,293600,,2330,3670,2870,1.278745644599303,780,1365,2010,1595,1675,742,12300,3025,6925,3100,18,183,11,45,27,11,4,0,1,-79.2603822071,43.725555723199996,5.0176883769418765,9.106933019976498,300
62,Kensington-Chinatown,78,M5T,Downtown Toronto,17945,18500,-3.0,1.5,11963.333333333334,0.07,0.04666666666666667,97,37.57,10105,64945,6070,825,728,477989,,4190,2655,5975,0.44435146443514645,2075,3165,1810,610,740,1004,13425,6395,9095,3405,105,273,34,80,53,26,16,5,5,-79.3972398768,43.653554131599996,7.359904534606205,8.164275111331024,597
63,Kingsview Village-The Westway,6,M9P,Etobicoke,22000,21725,1.3,5.1,4313.725490196079,0.31,0.0607843137254902,56,35.69,10265,68145,6760,1020,717,292861,,2730,3975,3675,1.0816326530612246,1225,2815,2155,970,1675,1052,14970,3720,8075,4395,12,110,6,34,22,42,5,2,2,-79.5478633059,43.698992572200005,4.297615378971311,9.936678032148077,235
64,Kingsway South,15,M8X,Etobicoke,9271,9175,1.1,2.6,3565.7692307692305,0.3,0.11538461538461538,68,43.15,4790,191204,470,360,793,941223,,685,2965,535,5.542056074766355,415,860,1390,730,320,1640,6765,4440,5735,665,10,24,2,27,8,9,1,0,1,-79.5105768007,43.6535204276,4.922611451643271,7.515657620041753,82
65,L'Amoreaux,117,M6S,Scarborough,43993,44915,0.8,7.1,6196.197183098592,0.6,0.08450704225352113,65,30.73,21145,64493,12450,2300,758,355438,,5700,10125,4790,2.113778705636743,285,770,1215,745,455,919,32575,9780,18765,8430,15,136,8,48,31,28,5,2,3,-79.4960452553,43.6574201304,5.511264788426651,10.877275951761646,276
66,Lambton Baby Point,114,M1W,York,7985,7920,-2.1,1.7,4697.058823529412,0.44,0.25882352941176473,70,27.28,4200,122277,1390,320,749,806452,,725,1920,1240,1.5483870967741935,1850,4815,4660,2325,4055,814,5445,2950,4210,945,5,21,2,8,2,1,1,0,0,-79.3140842409,43.7957160278,6.5952877483091665,7.6190476190476195,40
67,Lansing-Westgate,38,M2N,North York,16164,14640,10.4,5.4,2993.333333333333,0.98,0.18148148148148147,77,19.11,9195,105947,12430,665,758,646460,,2535,3525,2460,1.4329268292682926,1000,1835,2410,1410,930,1332,11800,7355,9850,895,8,63,7,42,8,27,7,0,2,-79.4247477215,43.754271154899996,6.101730110338188,7.232191408374117,164
68,Lawrence Park North,105,M5M,Central Toronto,14607,14540,0.5,2.3,6350.869565217392,0.04,0.017391304347826087,78,52.03,7945,165131,980,505,790,980831,,1215,4240,1260,3.365079365079365,695,1950,2600,935,295,1290,9755,7000,8660,765,1,21,3,28,4,13,3,0,0,-79.40397836359999,43.73006017229999,5.939714529676439,6.3561988672120835,73
69,Lawrence Park South,103,M4R,Central Toronto,15179,15075,0.7,3.2,4743.4375,0.19,0.059375,72,37.53,8365,216754,930,625,784,1215390,,1315,4010,1665,2.4084084084084085,755,1930,2610,900,430,1230,10345,7880,9510,905,6,19,0,45,2,20,1,0,0,-79.40603941020001,43.71721170479999,5.607232161805549,7.471607890017933,93
70,Leaside-Bennington,56,M4G,East York,16828,17010,-1.1,4.8,3505.8333333333335,0.8,0.16666666666666669,77,40.94,9145,158847,930,635,791,1071823,,1415,4780,1770,2.7005649717514126,1210,2675,2025,960,550,1158,11510,7665,9880,1130,6,19,2,33,7,4,2,0,11,-79.3660723439,43.7037966281,6.747518051961951,6.943685073810825,84
71,Little Portugal,84,M6J,West Toronto,15559,12055,29.1,1.2,12965.833333333334,0.02,0.016666666666666666,88,37.58,10650,74372,2030,685,727,514960,,3130,2475,2825,0.8761061946902655,1060,2975,2810,1170,960,997,12665,5840,8490,3040,18,96,12,39,8,13,3,1,2,-79.4303227131,43.6475359304,6.92411122465444,6.431924882629109,192
72,Long Branch,19,M8W,Etobicoke,10084,9630,4.7,2.3,4384.347826086957,0.32,0.1391304347826087,72,28.08,6160,77549,1520,440,724,459088,,1700,2270,2245,1.0111358574610245,770,1420,1450,670,970,922,7670,2585,5060,1455,4,48,2,28,6,14,0,0,0,-79.5333454492,43.592361688500006,5.919973178248592,7.142857142857142,102
73,Malvern,132,M1B,Scarborough,43794,45085,-2.9,8.9,4920.6741573033705,0.69,0.07752808988764044,61,38.63,22260,64497,11490,2335,724,256488,,4790,9510,3900,2.4384615384615387,2520,4485,4555,2360,5300,958,29410,7230,16960,7380,14,228,16,65,54,36,7,4,1,-79.22251661899999,43.8036581967,3.976743104330434,10.489667565139262,425
74,Maple Leaf,29,M6L,North York,10111,10195,-0.8,2.5,4044.4,0.17,0.068,66,14.42,5145,68718,1770,415,721,540741,,1005,1990,1565,1.2715654952076678,570,1340,1185,600,895,936,7460,1580,3590,2550,2,32,1,17,4,14,0,0,1,-79.48075801739999,43.7155739408,7.868986291801275,8.066083576287658,71
75,Markland Wood,12,M9C,Etobicoke,10554,10435,1.1,2.9,3639.3103448275865,0.22,0.07586206896551724,69,7.99,5445,100337,990,335,783,505350,,1060,3280,1090,3.0091743119266057,865,1350,1000,665,795,1112,8215,3525,5790,1015,2,23,1,18,8,13,2,0,0,-79.57343154739999,43.6335417462,5.0365269043323995,6.152433425160698,67
76,Milliken,130,M1V,Scarborough,26572,27160,-2.2,9.4,2826.808510638298,0.51,0.05425531914893617,65,25.25,12195,66372,8330,1160,770,387879,,3010,6785,1000,6.785,1210,3100,2685,1110,2345,934,20090,4635,8940,5675,12,62,0,67,25,34,11,0,2,-79.2750089244,43.8206907942,5.844015548725366,9.51209512095121,213
77,Mimico,17,M8Y,Etobicoke,33964,26550,28.0,6.9,4922.31884057971,0.72,0.10434782608695652,71,21.59,21160,87901,4390,1305,741,429941,,7080,7490,6185,1.2109943411479385,1780,4330,5620,3185,3050,1009,27660,11520,19855,3345,24,206,17,47,8,33,14,1,1,-79.5001366364,43.615923861300004,4.891195777067383,6.1672967863894135,351
78,Morningside,135,M1E,Scarborough,17455,17585,-0.8,5.6,3116.964285714286,1.85,0.3303571428571429,53,6.67,8760,66024,4580,995,711,289646,,2090,3560,2300,1.5478260869565217,765,1750,1840,1100,2010,857,12005,3220,7480,2405,14,136,8,19,12,13,0,0,2,-79.2070411878,43.782398614499996,4.386980491942324,11.358447488584474,204
79,Moss Park,73,M5A,Downtown Toronto,20506,16310,25.8,1.4,14647.142857142859,0.1,0.07142857142857144,95,42.76,12325,87222,5120,845,709,457524,,4615,3335,5695,0.5856014047410009,1945,4430,2440,775,835,795,16990,8465,11940,1625,174,383,39,129,112,16,12,3,5,-79.3672970317,43.6565176231,5.245511453532366,6.855983772819473,873
80,Mount Dennis,115,M6M,York,13593,13150,3.4,2.1,6472.857142857142,0.67,0.3190476190476191,59,29.91,6905,57386,3770,745,680,273418,,2125,2470,2410,1.0248962655601659,420,1195,1635,1000,1680,896,9495,1650,4665,2855,20,83,7,30,24,14,0,0,6,-79.4999890581,43.6881440868,4.764541874324748,10.789283128167995,184
81,Mount Olive-Silverstone-Jamestown,2,M9V,Etobicoke,32954,32790,0.5,4.6,7163.913043478261,1.05,0.2282608695652174,61,37.57,14765,57411,11540,1785,687,251119,,3715,4540,5070,0.8954635108481263,1425,3825,3265,1345,2730,921,20735,4450,10065,6855,24,213,16,34,81,42,3,1,1,-79.58725926460001,43.7468678027,4.374057236418108,12.08940060954961,415
82,Mount Pleasant East,99,M4S,Central Toronto,16775,15980,5.0,3.1,5411.290322580645,0.09,0.029032258064516127,88,50.4,9720,133977,1210,670,777,815247,,2185,4400,2970,1.4814814814814814,895,2355,2770,1100,640,1097,12195,7970,10475,1015,6,20,5,16,3,8,2,0,0,-79.3849239458,43.7048521692,6.0849772722183655,6.893004115226338,60
83,Mount Pleasant West,104,M4S,Central Toronto,29658,28590,3.7,1.3,22813.846153846152,0.05,0.038461538461538464,95,41.6,19780,89797,4740,1330,753,520032,,7290,4555,13020,0.3498463901689708,1725,4655,6380,2295,1680,1148,25185,14915,20575,1725,10,91,8,38,5,4,6,1,0,-79.393359554,43.70443517060001,5.791195696960923,6.7239635995955505,163
84,New Toronto,18,M8V,Etobicoke,11463,10890,5.2,3.5,3275.1428571428573,0.59,0.16857142857142857,79,24.84,6460,70398,2410,565,719,460811,,2105,2160,3005,0.718801996672213,665,1270,1505,885,1215,777,8375,2790,5565,1740,16,82,13,41,15,11,6,1,0,-79.5103580889,43.6005885981,6.545796755589647,8.746130030959751,185
85,Newtonbrook East,50,M2M,North York,16097,10905,-2.0,4.1,3926.09756097561,0.18,0.04390243902439025,64,29.12,8085,84163,4600,710,757,626626,,2945,4210,2015,2.0893300248138957,655,1500,2020,1240,1195,1203,12590,6745,9460,1620,14,70,4,41,7,5,6,1,0,-79.4059374472,43.791535791,7.445385739576774,8.781694495980211,148
86,Newtonbrook West,36,M2M,North York,23831,16425,3.4,4.7,5070.425531914893,0.17,0.03617021276595745,69,26.14,12435,66505,6690,1050,737,557468,,4135,4890,3730,1.3109919571045576,1120,2445,3000,1855,2135,1135,17975,7920,12865,2205,7,120,8,55,14,47,7,0,1,-79.4084928,43.789053,8.382347191940456,8.443908323281061,259
87,Niagara,82,M6K,Downtown Toronto,31180,23050,46.6,3.1,10058.064516129032,0.36,0.11612903225806451,84,34.94,24595,88996,2580,1110,747,398281,,7210,7795,4840,1.6105371900826446,2470,7395,7030,2530,1695,1296,26715,17025,23305,1165,55,206,27,68,16,22,18,1,1,-79.412420401,43.6366808791,4.475268551395568,4.513112421223826,414
88,North Riverdale,68,M4K,East Toronto,11916,21000,-2.3,1.8,6620.0,0.32,0.17777777777777778,90,47.17,7160,114599,1380,380,767,818592,,1305,2945,2200,1.3386363636363636,770,2140,1920,630,430,1057,8845,5185,6845,1250,6,45,9,41,23,6,4,1,1,-79.3512604136,43.671995149,7.143098979921291,5.307262569832402,136
89,North St.James Town,74,M4Y,Downtown Toronto,18615,12195,4.4,0.4,46537.5,0.03,0.075,93,34.03,10845,49005,5860,1125,705,489366,,4195,615,8590,0.07159487776484284,1005,2990,2820,1115,1300,879,14140,6305,10230,1920,28,105,12,52,19,16,9,0,2,-79.3752465775,43.6696234081,9.986042240587695,10.37344398340249,243
90,O'Connor-Parkview,54,M1L,East York,18675,17825,2.6,4.9,3811.224489795918,1.07,0.21836734693877552,67,37.63,9580,73050,3910,970,725,538203,,2830,3600,3805,0.9461235216819974,530,950,1515,980,1005,865,13360,3970,8250,2950,12,118,11,34,20,7,6,0,2,-79.2797083433,43.6974081338,7.367597535934292,10.125260960334028,210
91,Oakridge,121,M6E,Scarborough,13845,18315,0.7,1.8,7691.666666666666,0.25,0.1388888888888889,71,35.43,6150,50793,5890,900,704,347446,,2290,1600,3630,0.44077134986225897,755,2315,3730,1890,1435,730,9430,2950,5470,2330,23,113,12,57,25,11,10,0,1,-79.4397854793,43.6885655593,6.840430768019215,14.634146341463413,252
92,Oakwood Village,107,M4B,York,21210,13505,2.0,2.2,9640.90909090909,0.05,0.022727272727272728,82,41.07,11725,67809,3930,800,713,482040,,3190,4570,3985,1.1468005018820577,830,2020,2195,1490,1550,877,16000,5080,9205,4555,30,110,8,22,18,24,1,0,1,-79.3122277655,43.7068004906,7.1087908684687875,6.823027718550106,214
93,Old East York,58,M4J,East York,9233,21075,1.3,2.3,4014.347826086957,0.29,0.12608695652173912,69,24.76,5115,90478,1120,255,756,581398,,1100,2670,1185,2.2531645569620253,530,1350,1425,705,505,959,6925,2435,4470,1255,2,31,1,25,4,6,2,1,3,-79.3354883594,43.696781271199995,6.425849377749287,4.9853372434017595,75
94,Palmerston-Little Italy,80,M6G,Downtown Toronto,13826,9115,0.6,1.4,9875.714285714286,0.04,0.028571428571428574,95,45.81,9275,94190,1810,630,742,781568,,2380,2650,3590,0.7381615598885793,1060,2810,2255,785,775,1181,11145,6210,8280,1975,9,67,13,39,27,12,6,0,0,-79.41840872739999,43.6591571037,8.29778108079414,6.7924528301886795,173
95,Parkwoods-Donalda,45,M3A,North York,34805,13735,0.5,7.5,4640.666666666667,0.85,0.11333333333333333,63,33.6,18240,74645,7200,1685,731,553698,,4925,5365,7775,0.690032154340836,1755,4135,4105,2135,3130,1114,24535,9410,17085,3860,8,141,9,45,25,24,3,0,0,-79.3301795171,43.755033474499996,7.41775068658316,9.237938596491228,255
96,Pelmo Park-Humberlea,23,M9M,North York,10722,34620,23.1,4.2,2552.8571428571427,0.64,0.15238095238095237,57,21.71,5870,76800,1430,355,735,412618,,1165,2525,450,5.611111111111111,610,1655,1415,660,955,1019,7660,1595,4130,1835,32,50,3,24,10,24,4,1,0,-79.52828220239999,43.7175146009,5.372630208333334,6.047700170357751,148
97,Playter Estates-Danforth,67,M4K,East Toronto,7804,8705,2.0,0.9,8671.111111111111,0.06,0.06666666666666667,90,42.51,4680,112244,870,300,757,842668,,1335,1665,1865,0.8927613941018767,385,1320,1400,435,310,1075,5995,3380,4660,720,6,56,4,24,10,6,3,0,0,-79.3548872857,43.6797004697,7.5074658779088415,6.41025641025641,109
98,Pleasant View,46,M2J,North York,15818,7655,-2.0,3.0,5272.666666666667,0.16,0.05333333333333334,66,22.56,8125,71782,3540,810,767,463859,,1805,4215,1310,3.217557251908397,730,1930,1800,825,1510,1075,11785,4625,7910,2580,4,47,4,32,13,7,2,0,0,-79.33494842520001,43.786981759,6.462051767852665,9.96923076923077,109
99,Princess-Rosethorn,10,M9A,Etobicoke,11051,16145,-1.3,5.2,2125.1923076923076,0.22,0.0423076923076923,48,39.52,5875,144943,950,355,791,971668,,750,3290,595,5.529411764705882,585,1560,1215,875,565,1194,7845,4480,6315,1085,4,25,6,33,20,24,3,1,0,-79.5445592919,43.666050604300004,6.703793905190317,6.042553191489362,116
100,Regent Park,72,M5A,Downtown Toronto,10803,11200,8.0,0.6,18005.0,0.01,0.016666666666666666,88,42.52,5660,51758,5150,545,701,484444,,1950,715,3135,0.22807017543859648,550,1655,1415,500,615,631,7425,3085,4835,1465,12,78,4,25,14,3,2,0,1,-79.3605088051,43.659992142200004,9.359789790950192,9.628975265017669,139
101,Rexdale-Kipling,4,M9W,Etobicoke,10529,10010,0.4,2.5,4211.6,0.24,0.096,58,23.31,5480,69367,2170,600,721,392271,,1185,2010,1935,1.0387596899224807,680,1500,1115,560,875,857,7655,1620,4085,2095,11,57,5,16,15,22,0,0,1,-79.5662284127,43.723725477200006,5.655008865887237,10.948905109489052,127
102,Rockcliffe-Smythe,111,M6N,York,22246,10485,-0.1,5.1,4361.9607843137255,0.55,0.10784313725490198,61,31.87,11215,64271,5160,1030,710,353967,,3185,5250,3650,1.4383561643835616,900,2265,2745,1865,1925,810,16160,2700,7580,5715,37,123,11,37,46,36,3,0,3,-79.4944204513,43.6747904521,5.507413919185947,9.184128399465003,296
103,Roncesvalles,86,M6R,West Toronto,14974,22270,-0.5,1.5,9982.666666666666,0.04,0.02666666666666667,91,44.85,9020,86526,2640,600,741,581425,,2595,3155,3660,0.8620218579234973,840,2130,2380,1095,865,939,11420,5490,8060,2310,28,95,11,38,25,12,3,0,5,-79.4429924472,43.646122994399995,6.719656519427686,6.651884700665188,217
104,Rosedale-Moore Park,98,M4W,Central Toronto,20923,15050,1.4,4.6,4548.478260869566,0.79,0.17173913043478262,84,32.2,11510,249884,1650,695,777,1265389,,3075,5740,4260,1.3474178403755868,1550,3915,2215,700,610,1468,16405,11425,14090,1070,26,78,9,57,13,14,6,0,0,-79.3796694025,43.682820425299994,5.063905652222632,6.038227628149436,203
105,Rouge,131,M1B,Scarborough,46496,20635,1.3,37.6,1236.595744680851,14.27,0.37952127659574464,42,21.95,24645,86997,7770,2010,738,426850,,3910,11260,1805,6.238227146814404,2355,5120,5145,3335,5530,1082,32110,9195,19795,5675,20,124,12,76,29,19,12,0,4,-79.1863434458,43.8212012569,4.9064910284262675,8.15581253804017,296
106,Runnymede-Bloor West Village,89,M6S,West Toronto,10070,45905,4.5,1.6,6293.75,0.01,0.0062499999999999995,81,45.64,5825,114798,720,295,777,666204,,805,2945,865,3.4046242774566475,405,920,1805,1145,505,1083,7145,4165,5665,930,7,30,2,22,11,9,1,0,0,-79.485708182,43.6592688193,5.803271834004077,5.064377682403434,82
107,Rustic,28,M6L,North York,9941,9635,-0.1,2.1,4733.809523809524,0.2,0.09523809523809523,60,16.55,4100,59004,2980,375,692,493442,,1205,1495,2160,0.6921296296296297,340,1010,1075,485,680,740,6730,800,2850,2365,10,46,5,15,6,8,3,0,0,-79.4980914696,43.7116091166,8.362856755474205,9.146341463414634,93
108,Scarborough Village,139,M1M,Scarborough,16724,9950,0.7,3.1,5394.8387096774195,0.29,0.09354838709677418,70,35.48,7540,61631,5500,980,699,356096,,2460,2715,3195,0.8497652582159625,610,1415,1430,1025,1775,833,11175,2935,6325,2830,28,149,13,34,22,9,2,6,1,-79.216812619,43.7386518596,5.7778715256932385,12.9973474801061,264
109,South Parkdale,85,M6K,West Toronto,21849,16615,2.8,2.3,9499.565217391306,0.46,0.2,83,26.84,13135,54454,5660,1125,695,500054,,5600,1105,9485,0.11649973642593568,1130,3115,3655,1595,1690,865,17585,5900,11020,3435,30,204,10,67,33,22,9,1,1,-79.43933783119999,43.6366995242,9.183053586513388,8.564902931100114,377
110,South Riverdale,70,M4M,East Toronto,27876,21245,8.7,9.6,2903.75,2.78,0.2895833333333333,91,45.86,16535,83795,5440,1070,746,537087,,3745,6635,4105,1.6163215590742996,1685,4415,4400,1775,1495,859,21670,9420,14280,4325,44,189,25,145,31,28,20,3,2,-79.335651321,43.649292063500006,6.409535175129781,6.471121862715452,487
111,St.Andrew-Windfields,40,M2L,North York,17812,25640,-0.8,7.3,2440.0,0.54,0.07397260273972603,60,18.23,9255,162988,3350,770,774,1363202,,2170,4290,2180,1.9678899082568808,735,2205,2350,1000,855,1270,12765,7770,10465,1435,7,44,6,57,10,10,4,0,2,-79.4000493,43.7527583,8.363818195204555,8.319827120475418,140
112,Steeles,116,M1W,Scarborough,24623,17955,-1.6,4.6,5352.826086956522,0.45,0.09782608695652174,61,11.36,11035,67732,7570,1045,778,440688,,2915,6585,1095,6.013698630136986,1305,2850,2400,1000,1815,1155,19100,5810,9920,4545,7,36,2,48,13,28,3,0,0,-79.3212070061,43.812958825900004,6.50634855016831,9.469868599909379,137
113,Stonegate-Queensway,16,M8Y,Etobicoke,25051,25010,1.5,7.9,3171.012658227848,0.76,0.09620253164556962,67,31.23,14060,100867,3080,935,760,690949,,2830,6860,3565,1.9242636746143058,1475,3040,3595,2245,1410,996,18835,8490,13555,2750,11,66,3,50,12,12,5,0,1,-79.50112821329999,43.635518132899996,6.85009963615454,6.6500711237553345,160
114,Tam O'Shanter-Sullivan,118,M1T,Scarborough,27446,24690,0.2,5.5,4990.181818181818,0.35,0.06363636363636363,64,41.37,12910,64630,6570,1175,756,411143,,3820,5700,4110,1.3868613138686132,1210,3300,2865,1240,2310,964,20825,6895,12325,4165,7,91,5,60,12,23,7,0,1,-79.3029187122,43.7801298547,6.361488472845428,9.101471727343146,206
115,Taylor-Massey,61,M4C,East York,15683,27390,0.6,1.1,14257.272727272726,0.2,0.18181818181818182,77,38.19,7935,51131,5180,910,721,254151,,2770,2260,4035,0.5600991325898389,420,1045,2305,1615,1285,882,11150,4535,7440,2145,9,88,7,42,16,8,5,1,2,-79.2959011188,43.6949981893,4.970585359175451,11.46817895400126,178
116,The Beaches,63,M4L,East Toronto,21567,15595,2.1,3.6,5990.833333333333,0.61,0.16944444444444443,88,31.53,12710,139757,1760,725,764,751945,,2710,6240,3140,1.9872611464968153,1300,3060,3000,1805,1045,1154,15770,9235,12750,1445,24,73,9,76,13,8,4,0,0,-79.2996013043,43.671049993100006,5.38037450718032,5.704169944925256,207
117,Thistletown-Beaumond Heights,3,M9V,Etobicoke,10360,21135,2.2,3.4,3047.0588235294117,0.94,0.27647058823529413,54,42.26,5060,70838,2350,525,718,414216,,1065,2080,1145,1.8165938864628821,655,1315,1215,485,685,887,7350,1690,3980,1970,7,35,3,23,12,13,1,0,0,-79.56349101720001,43.737987917299996,5.847370055619865,10.375494071146244,94
118,Thorncliffe Park,55,M4H,East York,21108,10140,9.8,3.1,6809.032258064516,0.6,0.1935483870967742,73,34.53,8490,49530,8700,1070,724,313618,,3570,610,6105,0.09991809991809991,1010,1565,1935,1245,1290,1055,13240,5075,8035,2590,20,71,3,24,12,4,11,0,3,-79.3499836075,43.707749211899994,6.3318796688875425,12.603062426383982,148
119,Trinity-Bellwoods,81,M6J,West Toronto,16556,19225,-1.5,1.7,9738.823529411766,0.18,0.10588235294117647,94,35.45,10055,77477,3220,610,742,723909,,2485,3905,2940,1.3282312925170068,1170,3045,2420,855,765,1130,13295,5745,8090,4200,54,133,10,49,20,25,2,1,2,-79.4153421634,43.6501763,9.34353421015269,6.066633515663849,296
120,University,79,M5S,Downtown Toronto,7607,16805,-2.2,1.4,5433.571428571429,0.01,0.0071428571428571435,97,42.62,4405,92815,1530,365,748,773920,,1580,1335,1960,0.6811224489795918,670,1290,955,320,260,1246,5700,3515,4460,650,35,111,20,47,21,13,5,0,1,-79.401179748,43.6625062026,8.338307385659645,8.286038592508513,253
121,Victoria Village,43,M4A,North York,17510,7790,1.9,4.7,3725.531914893617,0.68,0.1446808510638298,71,26.9,8620,65104,4320,870,730,365107,,2820,3085,4205,0.7336504161712247,890,1825,1650,1405,1570,867,13085,3760,7840,2790,10,111,6,19,10,20,4,2,1,-79.31487382649999,43.728489019399994,5.608057876628164,10.092807424593968,183
122,Waterfront Communities-The Island,77,M5J,Downtown Toronto,65913,17180,52.0,7.6,8672.763157894737,2.57,0.3381578947368421,92,31.61,51100,95004,6990,2640,748,416759,,16500,13350,13640,0.9787390029325513,9230,18250,9955,3320,3040,1417,54520,41735,51740,1630,140,712,68,213,63,40,56,0,5,-79.3772023146,43.6338803623,4.386752136752137,5.166340508806262,1297
123,West Hill,136,M1E,Scarborough,27392,43365,3.2,9.6,2853.3333333333335,1.99,0.20729166666666668,66,28.06,13100,65871,7640,1515,706,308229,,3230,5875,3820,1.537958115183246,1015,2455,2575,1740,3275,686,19070,4330,10965,4285,54,325,18,72,56,14,7,0,5,-79.1766760264,43.7674902567,4.679282233456301,11.564885496183207,551
124,West Humber-Clairville,1,M9W,Etobicoke,33312,26550,-2.3,30.09,1107.0787637088733,2.08,0.06912595546693254,57,23.82,17845,72820,7590,1705,719,317508,,3270,7075,3050,2.319672131147541,2325,4650,3955,1615,3010,945,23030,6170,13425,6170,29,259,31,131,82,316,38,3,2,-79.59635645350001,43.7161804033,4.360175775885746,9.55449705799944,891
125,Westminster-Branson,35,M2R,North York,26274,34100,3.3,3.7,7101.081081081081,0.96,0.2594594594594594,61,24.63,14055,62791,6540,1290,730,372380,,4710,4055,6040,0.6713576158940397,915,2725,3515,2030,2725,1095,19890,8485,14430,2550,5,108,7,19,9,24,6,0,2,-79.4524182256,43.7788132165,5.930467742192352,9.178228388473853,180
126,Weston,113,M9N,York,17992,25445,-1.0,2.6,6920.0,0.24,0.0923076923076923,73,41.45,9075,61470,5050,965,679,280187,,3250,3090,4815,0.6417445482866043,715,2015,2225,1105,1745,874,12810,2395,6800,3995,56,169,11,43,35,39,2,4,4,-79.5157225505,43.702716046300004,4.558109646982268,10.633608815426996,363
127,Weston-Pellam Park,91,M6N,West Toronto,11098,18170,-7.6,1.5,7398.666666666667,0.04,0.02666666666666667,75,52.57,5965,66933,2810,505,698,382119,,1300,2590,1810,1.430939226519337,435,1025,1760,950,1010,719,8065,1610,3730,3725,29,67,7,15,11,17,7,1,2,-79.4602439114,43.67396203770001,5.708977634350768,8.466051969823972,156
128,Wexford/Maryvale,119,M1R,Scarborough,27917,12015,3.3,10.2,2736.9607843137255,0.47,0.04607843137254902,67,42.08,14340,69418,5500,1285,735,422689,,3325,6320,3655,1.7291381668946648,1590,3275,3150,2015,2320,904,20365,5305,11710,4790,10,152,10,74,21,40,11,2,1,-79.2986365699,43.7485721411,6.089040306548734,8.960948396094839,321
129,Willowdale East,51,M2N,North York,50434,27020,12.0,5.0,10086.8,0.16,0.032,84,28.9,27075,80607,13330,2300,759,540911,,11140,13515,6120,2.2083333333333335,2050,5430,7290,4175,2830,1453,37850,25095,32650,2675,15,118,16,80,22,44,12,0,2,-79.40148378960001,43.7706022616,6.710471795253514,8.494921514312095,309
130,Willowdale West,37,M2R,North York,16936,45025,12.9,2.9,5840.0,0.15,0.05172413793103448,78,17.67,8610,83632,3050,845,766,541247,,3475,4555,2120,2.1485849056603774,680,1680,2200,1290,1050,1117,13175,7515,10315,1270,6,73,6,35,14,12,2,0,1,-79.4275578,43.771210491800005,6.471769179261527,9.814169570267131,149
131,Willowridge-Martingrove-Richview,7,M9R,Etobicoke,22156,15005,3.8,5.5,4028.3636363636365,0.35,0.06363636363636363,51,30.46,10870,79241,3490,920,750,511637,,2645,4605,3540,1.3008474576271187,1155,3165,2320,1170,1545,1124,16230,5265,9935,3760,6,88,6,32,38,48,4,0,0,-79.5547244,43.6889054,6.456720637043954,8.463661453541858,222
132,Woburn,137,M1H,Scarborough,53485,21345,0.3,12.2,4384.016393442623,1.35,0.11065573770491804,66,27.73,25180,63186,15430,2665,723,316584,,6605,9905,8475,1.168731563421829,2740,5360,5280,2895,5320,840,36600,10860,21370,9140,39,293,32,78,58,31,16,1,5,-79.2285857671,43.766740239300006,5.010350394074637,10.583796664019063,553
133,Woodbine Corridor,64,M4L,East Toronto,12541,53350,7.2,1.6,7838.125,0.1,0.0625,85,29.04,7270,90338,1770,560,749,521549,,1560,3250,1965,1.6539440203562341,530,1450,2145,1095,735,782,9215,4220,6620,1405,8,65,7,51,6,9,6,0,1,-79.3154073786,43.6767729247,5.773306914033961,7.702888583218708,153
134,Woodbine-Lumsden,60,M4C,East York,7865,11705,0.5,1.2,6554.166666666667,0.1,0.08333333333333334,73,27.87,4695,74945,1100,310,748,440700,,1100,2380,1095,2.17351598173516,370,900,1420,915,495,823,6080,2245,3920,1110,9,30,6,14,3,3,5,0,0,-79.3111635266,43.694106742399995,5.8803122289679095,6.602768903088392,70
135,Wychwood,94,M6G,Central Toronto,14349,7825,2.6,1.7,8440.588235294117,0.06,0.03529411764705882,86,40.49,7875,90496,1940,410,745,656868,,2095,2700,2830,0.9540636042402827,585,2020,2355,915,720,930,11560,4775,7230,1970,17,69,9,28,9,18,3,0,1,-79.425514947,43.6769192679,7.258530763790665,5.2063492063492065,154
136,Yonge-Eglinton,100,M5P,Central Toronto,11817,13985,11.7,1.6,7385.625,0.13,0.08125,89,31.95,7320,140907,1100,505,759,975449,,1925,2050,3155,0.6497622820919176,695,1765,2215,795,470,1246,8835,6255,7990,490,35,54,15,19,15,4,2,0,0,-79.4035901675,43.704689367700006,6.922644013427296,6.898907103825136,144
137,Yonge-St.Clair,97,M4V,Central Toronto,12528,10580,7.5,1.2,10440.0,0.02,0.016666666666666666,84,32.65,7710,173751,980,455,771,995616,,2535,2625,4160,0.6310096153846154,780,2265,2195,630,460,1314,10610,6775,8820,340,13,28,4,13,5,7,8,0,0,-79.3978707687,43.687858872,5.73013104960547,5.901426718547341,78
138,York University Heights,27,M3J,North York,27593,11655,-0.4,13.2,2090.378787878788,0.89,0.06742424242424243,60,47.0,14815,59770,7950,1585,698,359372,,4080,4650,5660,0.8215547703180212,1365,3280,3430,1605,3095,911,18885,5555,11420,5490,59,288,27,96,57,106,33,2,3,-79.4888829298,43.765736490900004,6.012581562656851,10.698616267296659,671
139,Yorkdale-Glen Park,31,M6A,North York,14804,27715,0.8,5.9,2509.1525423728813,0.24,0.04067796610169491,72,21.66,7245,70539,2850,580,729,421045,,1645,2965,2280,1.3004385964912282,850,1770,2170,845,805,916,11300,2405,5240,3635,24,139,15,64,19,41,23,1,0,-79.4571080738,43.714671529300006,5.968967521512922,8.005521048999311,326
