,Neighborhood,Athletics & Sports,Bank,Bar/Club,Cafe,Coffee Shop,Convenience Store,Entertainment,Event Hall,Fast Food,Gas Station,Grocery,Gym,Hotel,Liquor Store,Medical,Moving Target,Museum,Museum ,Office,Outdoor,Park,Professional Services,Residential,Restaurant,Retail,Salon,Transportation,University
0,Agincourt North,0.0,0.0,0.0,0.1111111111111111,0.0,0.05555555555555555,0.0,0.0,0.2222222222222222,0.0,0.0,0.0,0.0,0.05555555555555555,0.05555555555555555,0.0,0.0,0.0,0.0,0.0,0.05555555555555555,0.0,0.0,0.2222222222222222,0.1111111111111111,0.0,0.0,0.0
1,Agincourt South-Malvern West,0.0,0.05,0.0,0.0,0.0,0.0,0.0,0.0,0.0,0.0,0.0,0.0,0.0,0.0,0.0,0.0,0.0,0.0,0.0,0.0,0.0,0.0,0.0,0.55,0.25,0.0,0.0,0.0
2,Alderwood,0.0,0.0,0.0,0.0,0.2,0.2,0.0,0.0,0.4,0.0,0.0,0.0,0.0,0.0,0.2,0.0,0.0,0.0,0.0,0.0,0.0,0.0,0.0,0.0,0.0,0.0,0.0,0.0
3,Annex,0.0,0.0,0.06666666666666667,0.13333333333333333,0.03333333333333333,0.0,0.0,0.0,0.16666666666666666,0.0,0.03333333333333333,0.0,0.0,0.0,0.03333333333333333,0.0,0.0,0.0,0.0,0.0,0.06666666666666667,0.0,0.0,0.26666666666666666,0.06666666666666667,0.0,0.0,0.0
4,Banbury-Don Mills,0.0,0.0,0.0,0.047619047619047616,0.14285714285714285,0.0,0.0,0.0,0.09523809523809523,0.0,0.0,0.0,0.0,0.0,0.047619047619047616,0.0,0.0,0.0,0.0,0.0,0.0,0.0,0.0,0.047619047619047616,0.47619047619047616,0.0,0.0,0.0
5,Bathurst Manor,0.25,0.0,0.0,0.0,0.0,0.25,0.0,0.0,0.0,0.0,0.0,0.0,0.0,0.0,0.0,0.0,0.0,0.0,0.0,0.0,0.5,0.0,0.0,0.0,0.0,0.0,0.0,0.0
6,Bay Street Corridor,0.0,0.0,0.031578947368421054,0.06315789473684211,0.2,0.010526315789473684,0.0,0.0,0.05263157894736842,0.0,0.010526315789473684,0.021052631578947368,0.021052631578947368,0.0,0.0,0.0,0.0,0.0,0.010526315789473684,0.0,0.010526315789473684,0.0,0.010526315789473684,0.28421052631578947,0.09473684210526316,0.021052631578947368,0.0,0.0
7,Bayview Village,0.0,0.0,0.0,0.0,0.0,0.0,0.0,0.0,0.0,0.0,0.0,0.0,0.0,0.0,0.0,0.0,0.0,0.0,0.0,0.25,0.25,0.25,0.0,0.0,0.25,0.0,0.0,0.0
8,Bayview Woods-Steeles,0.3333333333333333,0.0,0.0,0.0,0.0,0.0,0.0,0.0,0.0,0.0,0.0,0.0,0.0,0.0,0.0,0.0,0.0,0.0,0.0,0.0,0.6666666666666666,0.0,0.0,0.0,0.0,0.0,0.0,0.0
9,Bedford Park-Nortown,0.0,0.0,0.04,0.12,0.12,0.0,0.0,0.0,0.16,0.0,0.04,0.0,0.0,0.0,0.0,0.0,0.0,0.0,0.0,0.0,0.0,0.0,0.0,0.28,0.04,0.0,0.0,0.0
10,Beechborough-Greenbrook,0.0,0.0,0.0,0.0,0.0,0.0,0.0,0.0,0.5,0.0,0.0,0.25,0.0,0.0,0.0,0.0,0.0,0.0,0.0,0.0,0.0,0.0,0.0,0.25,0.0,0.0,0.0,0.0
11,Bendale ,0.0,0.0,0.0,0.0,0.0,0.0,0.0,0.0,0.0,0.0,0.0,0.0,0.0,0.0,0.0,0.0,0.0,0.2,0.0,0.2,0.4,0.0,0.0,0.2,0.0,0.0,0.0,0.0
12,Birchcliffe-Cliffside,0.25,0.0,0.0,0.25,0.0,0.0,0.25,0.0,0.0,0.0,0.0,0.0,0.0,0.0,0.0,0.0,0.0,0.0,0.0,0.0,0.0,0.0,0.0,0.0,0.0,0.0,0.0,0.25
13,Black Creek,0.2,0.0,0.0,0.2,0.0,0.0,0.0,0.0,0.0,0.0,0.2,0.0,0.0,0.0,0.2,0.0,0.0,0.0,0.0,0.0,0.0,0.0,0.0,0.0,0.2,0.0,0.0,0.0
14,Blake-Jones ,0.0,0.0,0.05555555555555555,0.16666666666666666,0.1111111111111111,0.05555555555555555,0.0,0.0,0.05555555555555555,0.0,0.0,0.0,0.05555555555555555,0.0,0.0,0.0,0.0,0.0,0.0,0.0,0.0,0.0,0.0,0.16666666666666666,0.1111111111111111,0.0,0.0,0.0
15,Briar Hill-Belgravia ,0.0,0.07692307692307693,0.0,0.07692307692307693,0.07692307692307693,0.0,0.0,0.0,0.07692307692307693,0.0,0.07692307692307693,0.0,0.0,0.0,0.07692307692307693,0.0,0.0,0.0,0.0,0.07692307692307693,0.0,0.07692307692307693,0.0,0.0,0.07692307692307693,0.0,0.07692307692307693,0.0
16,Bridle Path-Sunnybrook-York Mills ,0.0,0.0,0.0,0.2,0.1,0.0,0.0,0.0,0.0,0.0,0.0,0.1,0.0,0.0,0.0,0.0,0.0,0.0,0.0,0.1,0.0,0.0,0.0,0.1,0.1,0.0,0.1,0.0
17,Broadview North ,0.0,0.0,0.0,0.0,0.0,0.0,0.3333333333333333,0.0,0.3333333333333333,0.0,0.0,0.0,0.0,0.0,0.0,0.0,0.0,0.0,0.0,0.0,0.0,0.0,0.0,0.0,0.3333333333333333,0.0,0.0,0.0
18,Brookhaven-Amesbury ,0.0,0.0,0.0,0.5,0.0,0.0,0.0,0.0,0.0,0.0,0.0,0.0,0.0,0.0,0.0,0.0,0.0,0.0,0.0,0.0,0.5,0.0,0.0,0.0,0.0,0.0,0.0,0.0
19,Cabbagetown-South St.James Town ,0.0,0.021739130434782608,0.043478260869565216,0.13043478260869565,0.08695652173913043,0.0,0.021739130434782608,0.0,0.06521739130434782,0.0,0.043478260869565216,0.0,0.0,0.021739130434782608,0.021739130434782608,0.0,0.0,0.0,0.021739130434782608,0.0,0.06521739130434782,0.0,0.0,0.2391304347826087,0.08695652173913043,0.0,0.0,0.0
20,Caledonia-Fairbank ,0.0,0.0,0.0,0.0,0.0,0.0,0.0,0.0,0.25,0.0,0.25,0.0,0.0,0.0,0.0,0.0,0.0,0.0,0.0,0.0,0.25,0.0,0.0,0.0,0.0,0.0,0.0,0.0
21,Casa Loma ,0.0,0.0,0.0,0.07692307692307693,0.0,0.0,0.0,0.0,0.0,0.0,0.0,0.0,0.0,0.0,0.0,0.0,0.0,0.23076923076923078,0.0,0.0,0.23076923076923078,0.0,0.0,0.07692307692307693,0.0,0.0,0.0,0.0
22,Centennial Scarborough ,0.5,0.0,0.0,0.0,0.0,0.0,0.0,0.0,0.0,0.0,0.0,0.0,0.0,0.0,0.0,0.0,0.0,0.0,0.0,0.0,0.5,0.0,0.0,0.0,0.0,0.0,0.0,0.0
23,Church-Yonge Corridor ,0.0,0.0,0.05,0.03,0.12,0.01,0.0,0.0,0.06,0.0,0.02,0.02,0.02,0.0,0.01,0.0,0.0,0.01,0.0,0.02,0.02,0.0,0.0,0.25,0.08,0.02,0.0,0.0
24,Clairlea-Birchmount ,0.0,0.0,0.0,0.16666666666666666,0.16666666666666666,0.0,0.0,0.0,0.0,0.0,0.0,0.0,0.0,0.0,0.0,0.0,0.0,0.0,0.0,0.0,0.08333333333333333,0.0,0.0,0.0,0.0,0.0,0.4166666666666667,0.0
25,Clanton Park ,0.0,0.0,0.0,0.0,0.0,0.0,0.0,0.0,0.0,0.0,0.0,0.0,0.0,0.0,0.0,0.0,0.0,0.0,0.0,0.0,0.25,0.75,0.0,0.0,0.0,0.0,0.0,0.0
26,Cliffcrest ,0.0,0.0,0.0,0.0,0.0,0.0,0.0,0.0,0.5,0.0,0.0,0.0,0.0,0.0,0.0,0.0,0.0,0.0,0.0,0.0,0.16666666666666666,0.0,0.0,0.16666666666666666,0.16666666666666666,0.0,0.0,0.0
27,Corso Italia-Davenport ,0.043478260869565216,0.043478260869565216,0.0,0.08695652173913043,0.08695652173913043,0.043478260869565216,0.0,0.0,0.043478260869565216,0.0,0.0,0.0,0.0,0.0,0.0,0.0,0.0,0.0,0.0,0.0,0.0,0.0,0.0,0.5652173913043478,0.0,0.0,0.0,0.0
28,Danforth ,0.03333333333333333,0.0,0.1,0.2,0.06666666666666667,0.03333333333333333,0.0,0.0,0.06666666666666667,0.0,0.0,0.03333333333333333,0.0,0.03333333333333333,0.0,0.0,0.0,0.0,0.0,0.0,0.0,0.0,0.0,0.3333333333333333,0.03333333333333333,0.0,0.0,0.0
29,Danforth East York ,0.16666666666666666,0.0,0.0,0.0,0.16666666666666666,0.0,0.0,0.0,0.16666666666666666,0.0,0.16666666666666666,0.0,0.0,0.0,0.0,0.0,0.0,0.0,0.0,0.0,0.16666666666666666,0.0,0.0,0.16666666666666666,0.0,0.0,0.0,0.0
30,Don Valley Village ,0.1111111111111111,0.0,0.0,0.1111111111111111,0.0,0.0,0.0,0.0,0.4444444444444444,0.0,0.1111111111111111,0.0,0.0,0.1111111111111111,0.0,0.0,0.0,0.0,0.0,0.0,0.0,0.0,0.0,0.1111111111111111,0.0,0.0,0.0,0.0
31,Dorset Park ,0.0,0.0,0.0,0.0,0.0,0.0,0.0,0.0,0.125,0.0,0.0,0.0,0.0,0.0,0.0,0.0,0.0,0.0,0.0,0.0,0.0,0.0,0.0,0.25,0.5,0.0,0.0,0.0
32,Dovercourt-Wallace Emerson-Junction ,0.0,0.08333333333333333,0.08333333333333333,0.25,0.0,0.0,0.0,0.0,0.0,0.0,0.16666666666666666,0.08333333333333333,0.0,0.0,0.08333333333333333,0.0,0.0,0.0,0.0,0.0,0.16666666666666666,0.0,0.0,0.08333333333333333,0.0,0.0,0.0,0.0
33,Downsview-Roding-CFB ,0.0,0.0,0.0,0.0,0.0,0.0,0.0,0.0,0.0,0.0,0.0,0.0,0.0,0.0,0.0,0.3333333333333333,0.0,0.0,0.3333333333333333,0.0,0.3333333333333333,0.0,0.0,0.0,0.0,0.0,0.0,0.0
34,Dufferin Grove ,0.014925373134328358,0.0,0.13432835820895522,0.08955223880597014,0.05970149253731343,0.0,0.0,0.0,0.08955223880597014,0.0,0.04477611940298507,0.0,0.0,0.029850746268656716,0.0,0.0,0.0,0.0,0.0,0.0,0.04477611940298507,0.0,0.0,0.1791044776119403,0.1791044776119403,0.0,0.0,0.0
35,East End-Danforth ,0.15384615384615385,0.0,0.0,0.0,0.15384615384615385,0.0,0.0,0.0,0.15384615384615385,0.0,0.0,0.07692307692307693,0.0,0.0,0.0,0.0,0.0,0.0,0.0,0.0,0.07692307692307693,0.0,0.0,0.23076923076923078,0.0,0.0,0.07692307692307693,0.0
36,Edenbridge-Humber Valley,0.0,0.0,0.0,0.0,0.0,0.0,0.0,0.0,0.3333333333333333,0.0,0.0,0.0,0.0,0.0,0.0,0.0,0.0,0.0,0.0,0.0,0.6666666666666666,0.0,0.0,0.0,0.0,0.0,0.0,0.0
37,Eglinton East ,0.2,0.0,0.0,0.0,0.0,0.0,0.0,0.0,0.2,0.0,0.2,0.2,0.0,0.0,0.0,0.0,0.0,0.0,0.0,0.0,0.0,0.0,0.0,0.2,0.0,0.0,0.0,0.0
38,Elms-Old Rexdale,0.14285714285714285,0.0,0.0,0.0,0.0,0.0,0.0,0.0,0.0,0.0,0.0,0.0,0.0,0.0,0.0,0.0,0.0,0.0,0.14285714285714285,0.0,0.0,0.14285714285714285,0.0,0.42857142857142855,0.14285714285714285,0.0,0.0,0.0
39,Englemount-Lawrence ,0.0,0.125,0.0,0.0,0.0,0.0,0.0,0.0,0.0,0.0,0.0,0.0,0.0,0.0,0.125,0.0,0.0,0.0,0.0,0.0,0.125,0.0,0.0,0.0,0.5,0.0,0.0,0.0
40,Eringate-Centennial-West Deane ,0.16666666666666666,0.0,0.0,0.0,0.16666666666666666,0.16666666666666666,0.0,0.0,0.16666666666666666,0.0,0.0,0.0,0.0,0.0,0.0,0.0,0.0,0.0,0.0,0.0,0.16666666666666666,0.0,0.0,0.16666666666666666,0.0,0.0,0.0,0.0
41,Etobicoke West Mall ,0.0,0.0,0.0,0.0,0.25,0.0,0.0,0.0,0.0,0.0,0.25,0.0,0.0,0.0,0.0,0.0,0.0,0.25,0.0,0.0,0.0,0.25,0.0,0.0,0.0,0.0,0.0,0.0
42,Flemingdon Park ,0.0,0.0,0.0,0.0,0.07142857142857142,0.0,0.0,0.0,0.14285714285714285,0.0,0.07142857142857142,0.07142857142857142,0.0,0.0,0.07142857142857142,0.0,0.07142857142857142,0.0,0.0,0.0,0.07142857142857142,0.0,0.0,0.35714285714285715,0.0,0.0,0.0,0.0
43,Forest Hill North ,0.0,0.05,0.0,0.1,0.05,0.0,0.0,0.0,0.15,0.0,0.1,0.0,0.0,0.0,0.0,0.0,0.0,0.0,0.0,0.05,0.05,0.0,0.0,0.2,0.05,0.05,0.0,0.0
44,Forest Hill South ,0.0,0.0,0.0,0.0,0.0,0.0,0.0,0.0,0.0,0.0,0.0,0.0,0.0,0.0,0.0,0.0,0.0,0.0,0.0,0.0,1.0,0.0,0.0,0.0,0.0,0.0,0.0,0.0
45,Glenfield-Jane Heights ,0.25,0.0,0.0,0.0,0.25,0.0,0.0,0.0,0.0,0.0,0.0,0.0,0.0,0.0,0.0,0.0,0.0,0.0,0.0,0.0,0.5,0.0,0.0,0.0,0.0,0.0,0.0,0.0
46,Greenwood-Coxwell ,0.0,0.0,0.02564102564102564,0.15384615384615385,0.0,0.0,0.02564102564102564,0.0,0.05128205128205128,0.0,0.05128205128205128,0.02564102564102564,0.0,0.0,0.0,0.0,0.0,0.0,0.0,0.0,0.02564102564102564,0.0,0.0,0.3333333333333333,0.0,0.0,0.02564102564102564,0.0
47,Guildwood ,0.0,0.0,0.16666666666666666,0.0,0.16666666666666666,0.0,0.0,0.0,0.3333333333333333,0.0,0.0,0.0,0.16666666666666666,0.0,0.0,0.0,0.0,0.0,0.0,0.0,0.16666666666666666,0.0,0.0,0.0,0.0,0.0,0.0,0.0
48,Henry Farm ,0.0,0.0,0.0,0.0,0.0,0.0,0.0,0.0,0.2,0.0,0.2,0.0,0.2,0.0,0.0,0.0,0.0,0.0,0.0,0.0,0.0,0.0,0.0,0.2,0.0,0.0,0.2,0.0
49,High Park North ,0.0,0.0,0.0,0.125,0.0,0.125,0.0,0.0,0.125,0.0,0.0,0.125,0.0,0.0,0.125,0.0,0.0,0.0,0.0,0.0,0.25,0.0,0.0,0.0,0.0,0.0,0.0,0.0
50,High Park-Swansea ,0.21428571428571427,0.0,0.0,0.07142857142857142,0.0,0.0,0.07142857142857142,0.14285714285714285,0.0,0.0,0.0,0.0,0.0,0.0,0.0,0.0,0.0,0.0,0.0,0.2857142857142857,0.14285714285714285,0.0,0.0,0.0,0.0,0.0,0.0,0.0
51,Highland Creek ,0.0,0.0,0.0,0.0,0.0,0.0,0.0,0.0,0.0,0.0,0.0,0.0,0.0,0.0,0.0,0.0,0.0,0.0,0.0,0.0,0.25,0.25,0.25,0.0,0.0,0.0,0.25,0.0
52,Hillcrest Village ,0.0,0.0,0.0,0.0,0.0,0.0,0.0,0.0,0.0,0.0,0.0,0.0,0.0,0.0,0.0,0.0,0.0,0.0,0.0,0.0,0.5,0.0,0.5,0.0,0.0,0.0,0.0,0.0
53,Humber Bay Shores,0.14285714285714285,0.0,0.14285714285714285,0.2857142857142857,0.0,0.0,0.0,0.0,0.0,0.0,0.14285714285714285,0.0,0.0,0.0,0.0,0.0,0.0,0.0,0.0,0.0,0.0,0.0,0.0,0.14285714285714285,0.0,0.0,0.14285714285714285,0.0
54,Humber Heights-Westmount,0.0,0.0,0.0,0.0,0.0,0.0,0.0,0.0,0.5,0.0,0.0,0.0,0.0,0.0,0.0,0.0,0.0,0.0,0.0,0.0,0.5,0.0,0.0,0.0,0.0,0.0,0.0,0.0
55,Humber Summit ,0.0,0.0,0.0,0.0,0.0,0.0,0.0,0.0,0.0,0.0,0.0,0.0,0.0,0.0,0.0,0.0,0.0,0.0,0.0,0.0,0.0,0.0,0.0,0.0,1.0,0.0,0.0,0.0
56,Humbermede ,0.25,0.0,0.0,0.0,0.0,0.0,0.0,0.0,0.0,0.0,0.25,0.0,0.0,0.0,0.0,0.0,0.0,0.0,0.0,0.0,0.25,0.25,0.0,0.0,0.0,0.0,0.0,0.0
57,Humewood-Cedarvale ,0.2,0.0,0.0,0.0,0.0,0.2,0.0,0.0,0.0,0.0,0.0,0.0,0.0,0.0,0.0,0.0,0.0,0.0,0.0,0.2,0.2,0.0,0.0,0.0,0.0,0.0,0.0,0.0
58,Ionview ,0.0,0.16666666666666666,0.0,0.0,0.16666666666666666,0.0,0.0,0.0,0.16666666666666666,0.0,0.0,0.0,0.0,0.0,0.16666666666666666,0.0,0.0,0.0,0.0,0.0,0.0,0.0,0.0,0.16666666666666666,0.0,0.0,0.16666666666666666,0.0
59,Islington-City Centre West ,0.0,0.0,0.0,0.06666666666666667,0.0,0.0,0.0,0.0,0.4666666666666667,0.0,0.0,0.0,0.0,0.0,0.0,0.0,0.0,0.0,0.0,0.0,0.0,0.0,0.0,0.3333333333333333,0.06666666666666667,0.0,0.0,0.0
60,Junction Area ,0.01639344262295082,0.0,0.06557377049180328,0.09836065573770492,0.08196721311475409,0.0,0.0,0.0,0.03278688524590164,0.0,0.04918032786885246,0.01639344262295082,0.0,0.01639344262295082,0.01639344262295082,0.0,0.0,0.0,0.0,0.0,0.01639344262295082,0.0,0.0,0.13114754098360656,0.16393442622950818,0.0,0.03278688524590164,0.0
61,Keelesdale-Eglinton West ,0.0,0.0,0.0,0.14285714285714285,0.0,0.0,0.0,0.0,0.2857142857142857,0.0,0.0,0.0,0.0,0.0,0.0,0.0,0.0,0.0,0.0,0.0,0.0,0.0,0.0,0.2857142857142857,0.2857142857142857,0.0,0.0,0.0
62,Kennedy Park ,0.0,0.0,0.0,0.0,0.25,0.5,0.0,0.0,0.0,0.0,0.0,0.0,0.0,0.0,0.0,0.0,0.0,0.0,0.0,0.0,0.0,0.0,0.0,0.0,0.25,0.0,0.0,0.0
63,Kensington-Chinatown ,0.0,0.0,0.0851063829787234,0.18085106382978725,0.05319148936170213,0.0,0.0,0.0,0.031914893617021274,0.0,0.05319148936170213,0.0,0.0,0.0,0.0,0.0,0.0,0.0,0.0,0.0,0.02127659574468085,0.0,0.0,0.2978723404255319,0.02127659574468085,0.0,0.0,0.0
64,Kingsview Village-The Westway,0.0,0.0,0.0,0.0,0.5,0.0,0.0,0.0,0.25,0.0,0.25,0.0,0.0,0.0,0.0,0.0,0.0,0.0,0.0,0.0,0.0,0.0,0.0,0.0,0.0,0.0,0.0,0.0
65,Kingsway South ,0.3333333333333333,0.0,0.3333333333333333,0.0,0.0,0.0,0.0,0.0,0.0,0.0,0.0,0.0,0.0,0.0,0.0,0.0,0.0,0.0,0.0,0.0,0.3333333333333333,0.0,0.0,0.0,0.0,0.0,0.0,0.0
66,L'Amoreaux ,0.0,0.09090909090909091,0.0,0.18181818181818182,0.09090909090909091,0.0,0.0,0.0,0.09090909090909091,0.0,0.0,0.09090909090909091,0.0,0.0,0.0,0.0,0.0,0.0,0.0,0.0,0.0,0.0,0.0,0.2727272727272727,0.0,0.0,0.0,0.0
67,Lambton Baby Point ,0.0,0.0,0.0,0.0,0.0,0.0,0.0,0.0,0.0,0.0,0.0,0.0,0.0,0.0,0.0,0.0,0.0,0.0,0.0,0.5,0.5,0.0,0.0,0.0,0.0,0.0,0.0,0.0
68,Lansing-Westgate ,0.0,0.0,0.0,0.0,0.0,0.0,0.0,0.0,0.0,0.0,0.0,0.0,0.0,0.0,0.0,0.0,0.0,0.0,0.0,0.0,1.0,0.0,0.0,0.0,0.0,0.0,0.0,0.0
69,Lawrence Park North ,0.02,0.04,0.04,0.14,0.12,0.0,0.0,0.0,0.08,0.0,0.0,0.0,0.0,0.0,0.02,0.0,0.0,0.0,0.0,0.0,0.0,0.0,0.0,0.3,0.06,0.0,0.02,0.0
70,Lawrence Park South ,0.0,0.0,0.0,0.2,0.0,0.0,0.0,0.0,0.0,0.0,0.0,0.1,0.0,0.0,0.0,0.0,0.0,0.0,0.0,0.0,0.0,0.0,0.0,0.1,0.3,0.1,0.0,0.0
71,Leaside-Bennington,0.10526315789473684,0.0,0.0,0.05263157894736842,0.15789473684210525,0.05263157894736842,0.0,0.0,0.10526315789473684,0.0,0.0,0.0,0.0,0.0,0.0,0.0,0.0,0.0,0.0,0.0,0.05263157894736842,0.0,0.0,0.21052631578947367,0.10526315789473684,0.0,0.0,0.0
72,Little Portugal,0.02631578947368421,0.0,0.23684210526315788,0.13157894736842105,0.07894736842105263,0.0,0.0,0.0,0.02631578947368421,0.0,0.02631578947368421,0.0,0.0,0.0,0.0,0.0,0.0,0.0,0.0,0.0,0.02631578947368421,0.0,0.0,0.2631578947368421,0.0,0.02631578947368421,0.0,0.0
73,Long Branch,0.0,0.0,0.07692307692307693,0.07692307692307693,0.15384615384615385,0.07692307692307693,0.0,0.0,0.07692307692307693,0.0,0.07692307692307693,0.0,0.0,0.07692307692307693,0.07692307692307693,0.0,0.0,0.0,0.0,0.0,0.0,0.0,0.0,0.23076923076923078,0.0,0.0,0.0,0.0
74,Malvern ,0.0,0.0,0.0,0.0,0.14285714285714285,0.0,0.0,0.0,0.5714285714285714,0.0,0.0,0.14285714285714285,0.0,0.0,0.14285714285714285,0.0,0.0,0.0,0.0,0.0,0.0,0.0,0.0,0.0,0.0,0.0,0.0,0.0
75,Maple Leaf,0.0,0.0,0.0,0.0,0.4,0.2,0.0,0.0,0.2,0.0,0.0,0.0,0.0,0.0,0.0,0.0,0.0,0.0,0.0,0.0,0.0,0.0,0.0,0.2,0.0,0.0,0.0,0.0
76,Markland Wood ,0.0,0.25,0.0,0.0,0.0,0.0,0.0,0.0,0.5,0.0,0.0,0.0,0.0,0.0,0.0,0.0,0.0,0.0,0.0,0.0,0.0,0.0,0.0,0.0,0.25,0.0,0.0,0.0
77,Milliken ,0.0,0.0,0.0,0.0,0.0,0.0,0.0,0.0,0.3333333333333333,0.0,0.0,0.0,0.0,0.0,0.0,0.0,0.0,0.0,0.0,0.0,0.6666666666666666,0.0,0.0,0.0,0.0,0.0,0.0,0.0
78,Mimico,0.14285714285714285,0.0,0.14285714285714285,0.2857142857142857,0.0,0.0,0.0,0.0,0.0,0.0,0.14285714285714285,0.0,0.0,0.0,0.0,0.0,0.0,0.0,0.0,0.0,0.0,0.0,0.0,0.14285714285714285,0.0,0.0,0.14285714285714285,0.0
79,Morningside ,0.0,0.0,0.0,0.0,0.15384615384615385,0.07692307692307693,0.0,0.0,0.23076923076923078,0.0,0.07692307692307693,0.0,0.0,0.07692307692307693,0.07692307692307693,0.0,0.0,0.0,0.0,0.0,0.15384615384615385,0.0,0.0,0.0,0.07692307692307693,0.0,0.0,0.0
80,Moss Park ,0.02631578947368421,0.0,0.05263157894736842,0.0,0.07894736842105263,0.0,0.02631578947368421,0.02631578947368421,0.13157894736842105,0.0,0.02631578947368421,0.02631578947368421,0.0,0.0,0.0,0.0,0.0,0.0,0.0,0.0,0.02631578947368421,0.0,0.0,0.23684210526315788,0.15789473684210525,0.0,0.02631578947368421,0.0
81,Mount Dennis ,0.0,0.0,0.0,0.0,0.0,0.25,0.0,0.0,0.25,0.0,0.0,0.0,0.0,0.0,0.0,0.0,0.0,0.0,0.0,0.0,0.0,0.0,0.0,0.5,0.0,0.0,0.0,0.0
82,Mount Olive-Silverstone-Jamestown ,0.0,0.0,0.0,0.0,0.3333333333333333,0.0,0.0,0.0,0.0,0.0,0.0,0.0,0.0,0.0,0.0,0.0,0.0,0.0,0.0,0.0,0.3333333333333333,0.0,0.0,0.3333333333333333,0.0,0.0,0.0,0.0
83,Mount Pleasant East ,0.0,0.0,0.03225806451612903,0.16129032258064516,0.06451612903225806,0.0,0.0,0.0,0.12903225806451613,0.0,0.0,0.06451612903225806,0.0,0.0,0.0,0.0,0.0,0.0,0.0,0.0,0.0,0.0,0.0,0.3548387096774194,0.03225806451612903,0.0,0.0,0.0
84,Mount Pleasant West ,0.0,0.0,0.029411764705882353,0.17647058823529413,0.10294117647058823,0.0,0.014705882352941176,0.0,0.10294117647058823,0.0,0.014705882352941176,0.04411764705882353,0.0,0.0,0.014705882352941176,0.0,0.0,0.0,0.0,0.0,0.0,0.0,0.0,0.29411764705882354,0.014705882352941176,0.0,0.0,0.0
85,New Toronto ,0.0,0.0,0.2,0.0,0.2,0.0,0.0,0.0,0.0,0.0,0.2,0.0,0.0,0.0,0.0,0.0,0.0,0.0,0.0,0.0,0.0,0.0,0.0,0.4,0.0,0.0,0.0,0.0
86,Newtonbrook East ,0.0,0.0,0.0,0.5,0.0,0.0,0.0,0.0,0.0,0.0,0.0,0.0,0.0,0.0,0.0,0.0,0.0,0.0,0.0,0.0,0.0,0.0,0.0,0.0,0.5,0.0,0.0,0.0
87,Niagara ,0.07692307692307693,0.0,0.11538461538461539,0.07692307692307693,0.038461538461538464,0.0,0.11538461538461539,0.0,0.038461538461538464,0.0,0.0,0.038461538461538464,0.038461538461538464,0.038461538461538464,0.0,0.0,0.0,0.0,0.0,0.0,0.07692307692307693,0.0,0.0,0.11538461538461539,0.07692307692307693,0.0,0.0,0.0
88,North Riverdale ,0.16666666666666666,0.0,0.0,0.3333333333333333,0.0,0.0,0.0,0.0,0.0,0.0,0.0,0.0,0.0,0.0,0.0,0.0,0.0,0.0,0.0,0.0,0.5,0.0,0.0,0.0,0.0,0.0,0.0,0.0
89,North St.James Town ,0.0,0.027777777777777776,0.027777777777777776,0.0,0.2222222222222222,0.0,0.0,0.0,0.1111111111111111,0.0,0.1388888888888889,0.0,0.05555555555555555,0.0,0.027777777777777776,0.0,0.0,0.0,0.0,0.0,0.027777777777777776,0.0,0.0,0.1111111111111111,0.0,0.0,0.027777777777777776,0.0
90,O'Connor-Parkview ,0.07142857142857142,0.07142857142857142,0.0,0.07142857142857142,0.0,0.0,0.0,0.0,0.21428571428571427,0.0,0.0,0.07142857142857142,0.0,0.0,0.07142857142857142,0.0,0.0,0.0,0.0,0.0,0.0,0.0,0.0,0.0,0.07142857142857142,0.07142857142857142,0.07142857142857142,0.0
91,Oakridge ,0.0,0.0,0.0,0.14285714285714285,0.0,0.0,0.0,0.0,0.14285714285714285,0.0,0.0,0.0,0.0,0.0,0.0,0.0,0.0,0.0,0.0,0.0,0.14285714285714285,0.0,0.0,0.2857142857142857,0.0,0.0,0.14285714285714285,0.0
92,Oakwood Village ,0.0,0.0,0.0,0.16666666666666666,0.16666666666666666,0.08333333333333333,0.0,0.0,0.16666666666666666,0.0,0.08333333333333333,0.0,0.0,0.0,0.0,0.0,0.0,0.0,0.0,0.0,0.08333333333333333,0.0,0.0,0.16666666666666666,0.0,0.0,0.0,0.0
93,Old East York ,0.0,0.0,0.25,0.25,0.0,0.0,0.0,0.0,0.0,0.0,0.0,0.0,0.0,0.0,0.0,0.0,0.0,0.0,0.0,0.0,0.0,0.0,0.0,0.5,0.0,0.0,0.0,0.0
94,Palmerston-Little Italy ,0.0,0.0,0.09090909090909091,0.18181818181818182,0.045454545454545456,0.0,0.0,0.0,0.13636363636363635,0.0,0.045454545454545456,0.0,0.0,0.0,0.0,0.0,0.0,0.0,0.0,0.0,0.045454545454545456,0.0,0.0,0.22727272727272727,0.045454545454545456,0.0,0.0,0.0
95,Parkwoods-Donalda ,0.0,0.0,0.0,0.0,0.0,0.0,0.0,0.0,0.3333333333333333,0.0,0.3333333333333333,0.0,0.0,0.0,0.0,0.0,0.0,0.0,0.0,0.0,0.3333333333333333,0.0,0.0,0.0,0.0,0.0,0.0,0.0
96,Pelmo Park-Humberlea ,0.2,0.0,0.0,0.2,0.0,0.0,0.0,0.0,0.0,0.0,0.0,0.0,0.0,0.0,0.0,0.0,0.0,0.0,0.0,0.0,0.0,0.0,0.0,0.0,0.6,0.0,0.0,0.0
97,Playter Estates-Danforth ,0.0,0.0196078431372549,0.09803921568627451,0.11764705882352941,0.058823529411764705,0.0,0.0,0.0,0.0196078431372549,0.0,0.0392156862745098,0.0196078431372549,0.0,0.0,0.0,0.0,0.0,0.0,0.0,0.0196078431372549,0.0,0.0,0.0,0.29411764705882354,0.058823529411764705,0.0196078431372549,0.0,0.0
98,Pleasant View ,0.07142857142857142,0.0,0.0,0.14285714285714285,0.0,0.07142857142857142,0.0,0.0,0.14285714285714285,0.0,0.0,0.0,0.0,0.0,0.0,0.0,0.0,0.0,0.0,0.0,0.07142857142857142,0.0,0.0,0.21428571428571427,0.21428571428571427,0.0,0.0,0.0
99,Princess-Rosethorn ,0.0,0.0,0.0,0.0,0.0,0.0,0.0,0.0,0.0,0.0,0.0,0.0,0.0,0.0,0.0,0.0,0.0,0.0,0.0,0.0,0.5,0.5,0.0,0.0,0.0,0.0,0.0,0.0
100,Regent Park ,0.041666666666666664,0.0,0.041666666666666664,0.041666666666666664,0.125,0.0,0.0,0.0,0.08333333333333333,0.0,0.041666666666666664,0.0,0.0,0.041666666666666664,0.041666666666666664,0.0,0.0,0.0,0.0,0.0,0.041666666666666664,0.0,0.0,0.25,0.08333333333333333,0.0,0.0,0.0
101,Rexdale-Kipling ,0.0,0.0,0.0,0.0,0.0,0.0,0.0,0.0,0.0,0.0,0.0,0.0,0.0,0.0,0.0,0.0,0.0,0.0,0.0,0.0,0.0,0.0,0.0,0.0,1.0,0.0,0.0,0.0
102,Rockcliffe-Smythe ,0.0,0.0,0.0,0.0,0.1,0.1,0.0,0.0,0.2,0.0,0.1,0.0,0.0,0.1,0.0,0.0,0.0,0.0,0.0,0.0,0.2,0.0,0.0,0.1,0.0,0.0,0.1,0.0
103,Roncesvalles,0.0,0.0,0.0,0.14814814814814814,0.14814814814814814,0.037037037037037035,0.0,0.0,0.037037037037037035,0.0,0.1111111111111111,0.0,0.0,0.0,0.07407407407407407,0.0,0.0,0.0,0.0,0.0,0.07407407407407407,0.0,0.0,0.25925925925925924,0.07407407407407407,0.0,0.0,0.0
104,Rosedale-Moore Park,0.0,0.2,0.0,0.0,0.0,0.0,0.0,0.0,0.0,0.0,0.0,0.0,0.0,0.0,0.0,0.0,0.0,0.0,0.2,0.0,0.4,0.0,0.0,0.0,0.2,0.0,0.0,0.0
105,Rouge ,0.0,0.0,0.0,0.05,0.0,0.0,0.75,0.0,0.025,0.0,0.025,0.0,0.0,0.0,0.0,0.0,0.0,0.0,0.0,0.0,0.0,0.0,0.0,0.025,0.05,0.0,0.0,0.0
106,Runnymede-Bloor West Village,0.05,0.0,0.05,0.15,0.05,0.0,0.0,0.0,0.05,0.0,0.1,0.0,0.0,0.0,0.0,0.0,0.0,0.0,0.0,0.0,0.0,0.0,0.0,0.35,0.0,0.0,0.0,0.0
107,Scarborough Village,0.0,0.0,0.0,0.0,0.25,0.0,0.0,0.0,0.25,0.0,0.0,0.125,0.0,0.0,0.125,0.0,0.0,0.0,0.0,0.0,0.0,0.0,0.0,0.125,0.0,0.0,0.0,0.0
108,South Parkdale,0.029411764705882353,0.029411764705882353,0.058823529411764705,0.08823529411764706,0.029411764705882353,0.0,0.0,0.0,0.08823529411764706,0.0,0.0,0.0,0.0,0.0,0.058823529411764705,0.0,0.0,0.0,0.0,0.029411764705882353,0.029411764705882353,0.0,0.0,0.3235294117647059,0.11764705882352941,0.0,0.0,0.0
109,South Riverdale,0.0,0.0,0.0,0.0,0.0,0.0,0.0,0.0,0.0,0.0,0.0,0.0,0.0,0.0,0.0,0.0,0.0,0.0,0.5,0.25,0.0,0.0,0.0,0.0,0.25,0.0,0.0,0.0
110,Steeles ,0.0,0.0,0.0,0.0,0.0,0.0,0.0,0.0,0.16666666666666666,0.0,0.08333333333333333,0.0,0.0,0.0,0.08333333333333333,0.0,0.0,0.0,0.0,0.0,0.0,0.0,0.0,0.5,0.08333333333333333,0.0,0.0,0.0
111,Stonegate-Queensway,1.0,0.0,0.0,0.0,0.0,0.0,0.0,0.0,0.0,0.0,0.0,0.0,0.0,0.0,0.0,0.0,0.0,0.0,0.0,0.0,0.0,0.0,0.0,0.0,0.0,0.0,0.0,0.0
112,Tam O'Shanter-Sullivan ,0.0,0.07142857142857142,0.0,0.0,0.0,0.0,0.0,0.0,0.2857142857142857,0.0,0.0,0.0,0.0,0.0,0.14285714285714285,0.0,0.0,0.0,0.0,0.0,0.0,0.0,0.0,0.21428571428571427,0.07142857142857142,0.0,0.07142857142857142,0.0
113,Taylor-Massey,0.0,0.0,0.0,0.0,0.0,0.0,0.5,0.0,0.0,0.0,0.0,0.0,0.0,0.0,0.0,0.0,0.0,0.0,0.0,0.0,0.5,0.0,0.0,0.0,0.0,0.0,0.0,0.0
114,The Beaches,0.01818181818181818,0.01818181818181818,0.09090909090909091,0.07272727272727272,0.09090909090909091,0.0,0.0,0.0,0.05454545454545454,0.0,0.01818181818181818,0.0,0.0,0.0,0.01818181818181818,0.0,0.0,0.0,0.0,0.0,0.03636363636363636,0.0,0.0,0.16363636363636364,0.09090909090909091,0.01818181818181818,0.0,0.0
115,Thistletown-Beaumond Heights,0.0,0.07692307692307693,0.0,0.0,0.07692307692307693,0.0,0.0,0.0,0.15384615384615385,0.0,0.07692307692307693,0.0,0.0,0.0,0.07692307692307693,0.0,0.0,0.0,0.0,0.0,0.0,0.0,0.0,0.5384615384615384,0.0,0.0,0.0,0.0
116,Thorncliffe Park,0.0,0.05555555555555555,0.0,0.0,0.05555555555555555,0.0,0.0,0.0,0.16666666666666666,0.0,0.1111111111111111,0.1111111111111111,0.0,0.0,0.05555555555555555,0.0,0.0,0.0,0.0,0.0,0.0,0.0,0.0,0.2222222222222222,0.05555555555555555,0.0,0.05555555555555555,0.0
117,Trinity-Bellwoods,0.024390243902439025,0.0,0.17073170731707318,0.04878048780487805,0.07317073170731707,0.0,0.0,0.0,0.12195121951219512,0.0,0.0,0.0,0.0,0.0,0.0,0.0,0.0,0.0,0.0,0.0,0.07317073170731707,0.0,0.0,0.17073170731707318,0.024390243902439025,0.0,0.0,0.0
118,University ,0.0,0.0,0.10526315789473684,0.21052631578947367,0.05263157894736842,0.02631578947368421,0.0,0.0,0.05263157894736842,0.0,0.0,0.05263157894736842,0.0,0.02631578947368421,0.0,0.0,0.0,0.0,0.0,0.0,0.0,0.0,0.0,0.18421052631578946,0.05263157894736842,0.0,0.0,0.02631578947368421
119,Victoria Village,0.0,0.0,0.0,0.0,0.14285714285714285,0.0,0.0,0.0,0.14285714285714285,0.0,0.0,0.0,0.0,0.0,0.0,0.0,0.0,0.0,0.0,0.0,0.14285714285714285,0.14285714285714285,0.0,0.2857142857142857,0.0,0.0,0.14285714285714285,0.0
120,Waterfront Communities-The Island,0.0,0.0,0.0,0.0,0.0,0.0,0.0,0.0,0.0,0.0,0.0,0.0,0.0,0.0,0.0,0.0,0.0,0.0,0.0,0.0,0.0,0.0,0.0,0.0,0.0,0.0,1.0,0.0
121,West Hill,0.0,0.0,0.0,0.0,0.0,0.0,0.0,0.0,0.0,0.0,0.0,0.25,0.0,0.0,0.0,0.0,0.0,0.0,0.0,0.0,0.5,0.25,0.0,0.0,0.0,0.0,0.0,0.0
122,West Humber-Clairville,0.0,0.058823529411764705,0.0,0.0,0.058823529411764705,0.0,0.0,0.0,0.11764705882352941,0.0,0.0,0.058823529411764705,0.11764705882352941,0.0,0.0,0.0,0.0,0.0,0.0,0.0,0.0,0.0,0.0,0.11764705882352941,0.23529411764705882,0.0,0.0,0.0
123,Westminster-Branson,0.0,0.0,0.0,0.0,0.0,0.0,0.0,0.0,0.0,0.0,0.0,0.25,0.0,0.0,0.0,0.0,0.0,0.0,0.0,0.0,0.25,0.25,0.0,0.25,0.0,0.0,0.0,0.0
124,Weston,0.0,0.0,0.0,0.0,0.16666666666666666,0.08333333333333333,0.0,0.0,0.25,0.0,0.0,0.0,0.0,0.0,0.08333333333333333,0.0,0.0,0.0,0.0,0.0,0.0,0.0,0.0,0.08333333333333333,0.08333333333333333,0.0,0.16666666666666666,0.0
125,Weston-Pellam Park,0.0,0.0,0.0,0.23076923076923078,0.0,0.0,0.0,0.0,0.0,0.0,0.07692307692307693,0.0,0.0,0.0,0.0,0.0,0.0,0.0,0.0,0.0,0.15384615384615385,0.0,0.0,0.3076923076923077,0.15384615384615385,0.0,0.0,0.0
126,Wexford/Maryvale ,0.0,0.0,0.07142857142857142,0.07142857142857142,0.07142857142857142,0.0,0.0,0.0,0.07142857142857142,0.07142857142857142,0.07142857142857142,0.0,0.0,0.0,0.0,0.0,0.0,0.0,0.0,0.0,0.0,0.0,0.0,0.42857142857142855,0.0,0.0,0.0,0.0
127,Willowdale East ,0.0,0.0,0.0,0.0,0.0,0.0,0.0,0.0,0.0,0.0,0.0,0.0,1.0,0.0,0.0,0.0,0.0,0.0,0.0,0.0,0.0,0.0,0.0,0.0,0.0,0.0,0.0,0.0
128,Willowdale West,0.0,0.0,0.0,0.0,0.0,0.0,0.0,0.0,0.0,0.0,0.0,0.0,0.0,0.0,0.0,0.0,0.0,0.0,0.0,0.0,0.5,0.0,0.0,0.0,0.5,0.0,0.0,0.0
129,Woburn ,0.0,0.0,0.0,0.25,0.0,0.0,0.0,0.0,0.0,0.0,0.0,0.0,0.0,0.0,0.0,0.0,0.0,0.0,0.0,0.0,0.0,0.0,0.0,0.75,0.0,0.0,0.0,0.0
130,Woodbine Corridor,0.25,0.0,0.0,0.25,0.0,0.0,0.0,0.25,0.0,0.0,0.0,0.0,0.0,0.0,0.0,0.0,0.0,0.0,0.0,0.0,0.0,0.0,0.0,0.25,0.0,0.0,0.0,0.0
131,Woodbine-Lumsden,0.2727272727272727,0.0,0.0,0.0,0.0,0.09090909090909091,0.0,0.0,0.0,0.0,0.0,0.0,0.0,0.09090909090909091,0.0,0.0,0.0,0.0,0.0,0.0,0.18181818181818182,0.0,0.0,0.18181818181818182,0.0,0.09090909090909091,0.0,0.0
132,Wychwood,0.0,0.0,0.0,0.0,0.0,0.0,0.0,0.3333333333333333,0.0,0.0,0.3333333333333333,0.0,0.0,0.0,0.0,0.0,0.0,0.0,0.0,0.0,0.3333333333333333,0.0,0.0,0.0,0.0,0.0,0.0,0.0
133,Yonge-Eglinton,0.05263157894736842,0.02631578947368421,0.0,0.05263157894736842,0.10526315789473684,0.0,0.0,0.0,0.10526315789473684,0.0,0.02631578947368421,0.07894736842105263,0.0,0.0,0.0,0.0,0.0,0.0,0.0,0.0,0.02631578947368421,0.0,0.0,0.13157894736842105,0.07894736842105263,0.0,0.02631578947368421,0.0
134,Yonge-St.Clair,0.0,0.019230769230769232,0.057692307692307696,0.09615384615384616,0.1346153846153846,0.0,0.0,0.0,0.09615384615384616,0.0,0.057692307692307696,0.038461538461538464,0.0,0.0,0.038461538461538464,0.0,0.0,0.0,0.0,0.0,0.0,0.0,0.0,0.28846153846153844,0.019230769230769232,0.0,0.0,0.0
135,York University Heights,0.0,0.1,0.1,0.0,0.1,0.0,0.0,0.0,0.2,0.0,0.0,0.0,0.0,0.0,0.0,0.0,0.0,0.0,0.0,0.0,0.0,0.0,0.0,0.2,0.1,0.1,0.0,0.0
136,Yorkdale-Glen Park ,0.09523809523809523,0.047619047619047616,0.0,0.047619047619047616,0.047619047619047616,0.0,0.0,0.0,0.23809523809523808,0.0,0.047619047619047616,0.047619047619047616,0.0,0.0,0.0,0.0,0.0,0.0,0.0,0.0,0.0,0.0,0.0,0.2857142857142857,0.09523809523809523,0.0,0.0,0.0
