,neighborhood,borough,area,overall,category,score,rating,dwelling,lat,long,size,grade,dwelling_bins
40,Eringate-Centennial-West Deane,Etobicoke,11.0,95.81249999999999,Affordability,4.0,Excellent,423034.0,43.6580167554,-79.5804452375,2.0,A+,"(400000, 425000]"
44,Forest Hill South,Central Toronto,101.0,98.93749999999999,Affordability,3.0,Good,1585984.0,43.694525756400004,-79.4143178642,2.0,A+,"(1500000, 2000000]"
68,Lawrence Park North,Central Toronto,105.0,95.5625,Affordability,4.0,Excellent,980831.0,43.73006017229999,-79.40397836359999,2.0,A+,"(900000, 1000000]"
69,Lawrence Park South,Central Toronto,103.0,95.81249999999999,Affordability,4.0,Excellent,1215390.0,43.71721170479999,-79.40603941020001,2.0,A+,"(1000000, 1500000]"
75,Markland Wood,Etobicoke,12.0,99.25,Affordability,4.0,Excellent,505350.0,43.6335417462,-79.57343154739999,2.0,A+,"(500000, 525000]"
40,Eringate-Centennial-West Deane,Etobicoke,11.0,95.81249999999999,Safety,4.0,Excellent,423034.0,43.6580167554,-79.5804452375,2.0,A+,"(400000, 425000]"
44,Forest Hill South,Central Toronto,101.0,98.93749999999999,Safety,4.0,Excellent,1585984.0,43.694525756400004,-79.4143178642,2.0,A+,"(1500000, 2000000]"
68,Lawrence Park North,Central Toronto,105.0,95.5625,Safety,4.0,Excellent,980831.0,43.73006017229999,-79.40397836359999,2.0,A+,"(900000, 1000000]"
69,Lawrence Park South,Central Toronto,103.0,95.81249999999999,Safety,4.0,Excellent,1215390.0,43.71721170479999,-79.40603941020001,2.0,A+,"(1000000, 1500000]"
75,Markland Wood,Etobicoke,12.0,99.25,Safety,4.0,Excellent,505350.0,43.6335417462,-79.57343154739999,2.0,A+,"(500000, 525000]"
40,Eringate-Centennial-West Deane,Etobicoke,11.0,95.81249999999999,Commute,4.0,Excellent,423034.0,43.6580167554,-79.5804452375,2.0,A+,"(400000, 425000]"
44,Forest Hill South,Central Toronto,101.0,98.93749999999999,Commute,4.0,Excellent,1585984.0,43.694525756400004,-79.4143178642,2.0,A+,"(1500000, 2000000]"
68,Lawrence Park North,Central Toronto,105.0,95.5625,Commute,4.0,Excellent,980831.0,43.73006017229999,-79.40397836359999,2.0,A+,"(900000, 1000000]"
69,Lawrence Park South,Central Toronto,103.0,95.81249999999999,Commute,4.0,Excellent,1215390.0,43.71721170479999,-79.40603941020001,2.0,A+,"(1000000, 1500000]"
75,Markland Wood,Etobicoke,12.0,99.25,Commute,4.0,Excellent,505350.0,43.6335417462,-79.57343154739999,2.0,A+,"(500000, 525000]"
40,Eringate-Centennial-West Deane,Etobicoke,11.0,95.81249999999999,Work,3.0,Good,423034.0,43.6580167554,-79.5804452375,2.0,A+,"(400000, 425000]"
44,Forest Hill South,Central Toronto,101.0,98.93749999999999,Work,4.0,Excellent,1585984.0,43.694525756400004,-79.4143178642,2.0,A+,"(1500000, 2000000]"
68,Lawrence Park North,Central Toronto,105.0,95.5625,Work,3.0,Good,980831.0,43.73006017229999,-79.40397836359999,2.0,A+,"(900000, 1000000]"
69,Lawrence Park South,Central Toronto,103.0,95.81249999999999,Work,3.0,Good,1215390.0,43.71721170479999,-79.40603941020001,2.0,A+,"(1000000, 1500000]"
75,Markland Wood,Etobicoke,12.0,99.25,Work,3.0,Good,505350.0,43.6335417462,-79.57343154739999,2.0,A+,"(500000, 525000]"
40,Eringate-Centennial-West Deane,Etobicoke,11.0,95.81249999999999,Health,4.0,Excellent,423034.0,43.6580167554,-79.5804452375,2.0,A+,"(400000, 425000]"
44,Forest Hill South,Central Toronto,101.0,98.93749999999999,Health,4.0,Excellent,1585984.0,43.694525756400004,-79.4143178642,2.0,A+,"(1500000, 2000000]"
68,Lawrence Park North,Central Toronto,105.0,95.5625,Health,1.0,Poor,980831.0,43.73006017229999,-79.40397836359999,2.0,A+,"(900000, 1000000]"
69,Lawrence Park South,Central Toronto,103.0,95.81249999999999,Health,2.0,Fair,1215390.0,43.71721170479999,-79.40603941020001,2.0,A+,"(1000000, 1500000]"
75,Markland Wood,Etobicoke,12.0,99.25,Health,4.0,Excellent,505350.0,43.6335417462,-79.57343154739999,2.0,A+,"(500000, 525000]"
7,Bayview Village,North York,52.0,92.21875,Affordability,4.0,Excellent,533089.0,43.7763605236,-79.3771168597,1.0,A,"(525000, 550000]"
16,Bridle Path-Sunnybrook-York Mills,North York,41.0,91.5625,Affordability,4.0,Excellent,1849084.0,43.7310131378,-79.3789041759,1.0,A,"(1500000, 2000000]"
21,Casa Loma,Central Toronto,96.0,92.875,Affordability,4.0,Excellent,1083381.0,43.6818521005,-79.4080066472,1.0,A,"(1000000, 1500000]"
22,Centennial Scarborough,Scarborough,133.0,92.0625,Affordability,4.0,Excellent,491024.0,43.7823764958,-79.1508432723,1.0,A,"(475000, 500000]"
29,Danforth-East York,East York,59.0,91.81249999999999,Affordability,3.0,Good,518568.0,43.6894680941,-79.3314033847,1.0,A,"(500000, 525000]"
87,Niagara,Downtown Toronto,82.0,91.15625,Affordability,4.0,Excellent,398281.0,43.6366808791,-79.412420401,1.0,A,"(375000, 400000]"
104,Rosedale-Moore Park,Central Toronto,98.0,92.21875,Affordability,4.0,Excellent,1265389.0,43.682820425299994,-79.3796694025,1.0,A,"(1000000, 1500000]"
116,The Beaches,East Toronto,63.0,91.81250000000001,Affordability,4.0,Excellent,751945.0,43.671049993100006,-79.2996013043,1.0,A,"(750000, 800000]"
137,Yonge-St.Clair,Central Toronto,97.0,92.875,Affordability,4.0,Excellent,995616.0,43.687858872,-79.3978707687,1.0,A,"(900000, 1000000]"
7,Bayview Village,North York,52.0,92.21875,Safety,4.0,Excellent,533089.0,43.7763605236,-79.3771168597,1.0,A,"(525000, 550000]"
16,Bridle Path-Sunnybrook-York Mills,North York,41.0,91.5625,Safety,2.0,Fair,1849084.0,43.7310131378,-79.3789041759,1.0,A,"(1500000, 2000000]"
21,Casa Loma,Central Toronto,96.0,92.875,Safety,4.0,Excellent,1083381.0,43.6818521005,-79.4080066472,1.0,A,"(1000000, 1500000]"
22,Centennial Scarborough,Scarborough,133.0,92.0625,Safety,4.0,Excellent,491024.0,43.7823764958,-79.1508432723,1.0,A,"(475000, 500000]"
29,Danforth-East York,East York,59.0,91.81249999999999,Safety,4.0,Excellent,518568.0,43.6894680941,-79.3314033847,1.0,A,"(500000, 525000]"
87,Niagara,Downtown Toronto,82.0,91.15625,Safety,1.0,Poor,398281.0,43.6366808791,-79.412420401,1.0,A,"(375000, 400000]"
104,Rosedale-Moore Park,Central Toronto,98.0,92.21875,Safety,3.0,Good,1265389.0,43.682820425299994,-79.3796694025,1.0,A,"(1000000, 1500000]"
116,The Beaches,East Toronto,63.0,91.81250000000001,Safety,3.0,Good,751945.0,43.671049993100006,-79.2996013043,1.0,A,"(750000, 800000]"
137,Yonge-St.Clair,Central Toronto,97.0,92.875,Safety,4.0,Excellent,995616.0,43.687858872,-79.3978707687,1.0,A,"(900000, 1000000]"
7,Bayview Village,North York,52.0,92.21875,Commute,3.0,Good,533089.0,43.7763605236,-79.3771168597,1.0,A,"(525000, 550000]"
16,Bridle Path-Sunnybrook-York Mills,North York,41.0,91.5625,Commute,4.0,Excellent,1849084.0,43.7310131378,-79.3789041759,1.0,A,"(1500000, 2000000]"
21,Casa Loma,Central Toronto,96.0,92.875,Commute,4.0,Excellent,1083381.0,43.6818521005,-79.4080066472,1.0,A,"(1000000, 1500000]"
22,Centennial Scarborough,Scarborough,133.0,92.0625,Commute,2.0,Fair,491024.0,43.7823764958,-79.1508432723,1.0,A,"(475000, 500000]"
29,Danforth-East York,East York,59.0,91.81249999999999,Commute,4.0,Excellent,518568.0,43.6894680941,-79.3314033847,1.0,A,"(500000, 525000]"
87,Niagara,Downtown Toronto,82.0,91.15625,Commute,4.0,Excellent,398281.0,43.6366808791,-79.412420401,1.0,A,"(375000, 400000]"
104,Rosedale-Moore Park,Central Toronto,98.0,92.21875,Commute,4.0,Excellent,1265389.0,43.682820425299994,-79.3796694025,1.0,A,"(1000000, 1500000]"
116,The Beaches,East Toronto,63.0,91.81250000000001,Commute,3.0,Good,751945.0,43.671049993100006,-79.2996013043,1.0,A,"(750000, 800000]"
137,Yonge-St.Clair,Central Toronto,97.0,92.875,Commute,4.0,Excellent,995616.0,43.687858872,-79.3978707687,1.0,A,"(900000, 1000000]"
7,Bayview Village,North York,52.0,92.21875,Work,3.0,Good,533089.0,43.7763605236,-79.3771168597,1.0,A,"(525000, 550000]"
16,Bridle Path-Sunnybrook-York Mills,North York,41.0,91.5625,Work,3.0,Good,1849084.0,43.7310131378,-79.3789041759,1.0,A,"(1500000, 2000000]"
21,Casa Loma,Central Toronto,96.0,92.875,Work,3.0,Good,1083381.0,43.6818521005,-79.4080066472,1.0,A,"(1000000, 1500000]"
22,Centennial Scarborough,Scarborough,133.0,92.0625,Work,3.0,Good,491024.0,43.7823764958,-79.1508432723,1.0,A,"(475000, 500000]"
29,Danforth-East York,East York,59.0,91.81249999999999,Work,3.0,Good,518568.0,43.6894680941,-79.3314033847,1.0,A,"(500000, 525000]"
87,Niagara,Downtown Toronto,82.0,91.15625,Work,4.0,Excellent,398281.0,43.6366808791,-79.412420401,1.0,A,"(375000, 400000]"
104,Rosedale-Moore Park,Central Toronto,98.0,92.21875,Work,3.0,Good,1265389.0,43.682820425299994,-79.3796694025,1.0,A,"(1000000, 1500000]"
116,The Beaches,East Toronto,63.0,91.81250000000001,Work,4.0,Excellent,751945.0,43.671049993100006,-79.2996013043,1.0,A,"(750000, 800000]"
137,Yonge-St.Clair,Central Toronto,97.0,92.875,Work,3.0,Good,995616.0,43.687858872,-79.3978707687,1.0,A,"(900000, 1000000]"
7,Bayview Village,North York,52.0,92.21875,Health,3.0,Good,533089.0,43.7763605236,-79.3771168597,1.0,A,"(525000, 550000]"
16,Bridle Path-Sunnybrook-York Mills,North York,41.0,91.5625,Health,3.0,Good,1849084.0,43.7310131378,-79.3789041759,1.0,A,"(1500000, 2000000]"
21,Casa Loma,Central Toronto,96.0,92.875,Health,3.0,Good,1083381.0,43.6818521005,-79.4080066472,1.0,A,"(1000000, 1500000]"
22,Centennial Scarborough,Scarborough,133.0,92.0625,Health,4.0,Excellent,491024.0,43.7823764958,-79.1508432723,1.0,A,"(475000, 500000]"
29,Danforth-East York,East York,59.0,91.81249999999999,Health,3.0,Good,518568.0,43.6894680941,-79.3314033847,1.0,A,"(500000, 525000]"
87,Niagara,Downtown Toronto,82.0,91.15625,Health,3.0,Good,398281.0,43.6366808791,-79.412420401,1.0,A,"(375000, 400000]"
104,Rosedale-Moore Park,Central Toronto,98.0,92.21875,Health,3.0,Good,1265389.0,43.682820425299994,-79.3796694025,1.0,A,"(1000000, 1500000]"
116,The Beaches,East Toronto,63.0,91.81250000000001,Health,3.0,Good,751945.0,43.671049993100006,-79.2996013043,1.0,A,"(750000, 800000]"
137,Yonge-St.Clair,Central Toronto,97.0,92.875,Health,3.0,Good,995616.0,43.687858872,-79.3978707687,1.0,A,"(900000, 1000000]"
2,Alderwood,Etobicoke,20.0,87.96875,Affordability,3.0,Good,504233.0,43.6049368959,-79.5416109273,0.5,B+,"(500000, 525000]"
4,Banbury-Don Mills,North York,42.0,85.84375000000001,Affordability,4.0,Excellent,613647.0,43.737657004300004,-79.3497179808,0.5,B+,"(600000, 625000]"
41,Etobicoke West Mall,Etobicoke,13.0,89.03124999999999,Affordability,4.0,Excellent,298426.0,43.6450626244,-79.5689387722,0.5,B+,"(250000, 300000]"
43,Forest Hill North,Central Toronto,102.0,85.43749999999999,Affordability,3.0,Good,957688.0,43.7042175596,-79.42814316479999,0.5,B+,"(900000, 1000000]"
47,Guildwood,Scarborough,140.0,88.625,Affordability,4.0,Excellent,444309.0,43.7488293378,-79.1950553496,0.5,B+,"(425000, 450000]"
50,High Park-Swansea,West Toronto,87.0,88.93749999999999,Affordability,4.0,Excellent,622206.0,43.6450645834,-79.46787222430001,0.5,B+,"(600000, 625000]"
66,Lambton Baby Point,York,114.0,88.625,Affordability,3.0,Good,806452.0,43.7957160278,-79.3140842409,0.5,B+,"(800000, 850000]"
67,Lansing-Westgate,North York,38.0,87.8125,Affordability,3.0,Good,646460.0,43.754271154899996,-79.4247477215,0.5,B+,"(625000, 650000]"
70,Leaside-Bennington,East York,56.0,88.37499999999999,Affordability,3.0,Good,1071823.0,43.7037966281,-79.3660723439,0.5,B+,"(1000000, 1500000]"
82,Mount Pleasant East,Central Toronto,99.0,85.1875,Affordability,3.0,Good,815247.0,43.7048521692,-79.3849239458,0.5,B+,"(800000, 850000]"
83,Mount Pleasant West,Central Toronto,104.0,85.75,Affordability,4.0,Excellent,520032.0,43.70443517060001,-79.393359554,0.5,B+,"(500000, 525000]"
106,Runnymede-Bloor West Village,West Toronto,89.0,88.12500000000001,Affordability,4.0,Excellent,666204.0,43.6592688193,-79.485708182,0.5,B+,"(650000, 675000]"
113,Stonegate-Queensway,Etobicoke,16.0,88.625,Affordability,3.0,Good,690949.0,43.635518132899996,-79.50112821329999,0.5,B+,"(675000, 700000]"
122,Waterfront Communities-The Island,Downtown Toronto,77.0,87.96875,Affordability,4.0,Excellent,416759.0,43.6338803623,-79.3772023146,0.5,B+,"(400000, 425000]"
129,Willowdale East,North York,51.0,88.21874999999999,Affordability,3.0,Good,540911.0,43.7706022616,-79.40148378960001,0.5,B+,"(525000, 550000]"
2,Alderwood,Etobicoke,20.0,87.96875,Safety,3.0,Good,504233.0,43.6049368959,-79.5416109273,0.5,B+,"(500000, 525000]"
4,Banbury-Don Mills,North York,42.0,85.84375000000001,Safety,4.0,Excellent,613647.0,43.737657004300004,-79.3497179808,0.5,B+,"(600000, 625000]"
41,Etobicoke West Mall,Etobicoke,13.0,89.03124999999999,Safety,4.0,Excellent,298426.0,43.6450626244,-79.5689387722,0.5,B+,"(250000, 300000]"
43,Forest Hill North,Central Toronto,102.0,85.43749999999999,Safety,4.0,Excellent,957688.0,43.7042175596,-79.42814316479999,0.5,B+,"(900000, 1000000]"
47,Guildwood,Scarborough,140.0,88.625,Safety,4.0,Excellent,444309.0,43.7488293378,-79.1950553496,0.5,B+,"(425000, 450000]"
50,High Park-Swansea,West Toronto,87.0,88.93749999999999,Safety,4.0,Excellent,622206.0,43.6450645834,-79.46787222430001,0.5,B+,"(600000, 625000]"
66,Lambton Baby Point,York,114.0,88.625,Safety,4.0,Excellent,806452.0,43.7957160278,-79.3140842409,0.5,B+,"(800000, 850000]"
67,Lansing-Westgate,North York,38.0,87.8125,Safety,2.0,Fair,646460.0,43.754271154899996,-79.4247477215,0.5,B+,"(625000, 650000]"
70,Leaside-Bennington,East York,56.0,88.37499999999999,Safety,4.0,Excellent,1071823.0,43.7037966281,-79.3660723439,0.5,B+,"(1000000, 1500000]"
82,Mount Pleasant East,Central Toronto,99.0,85.1875,Safety,4.0,Excellent,815247.0,43.7048521692,-79.3849239458,0.5,B+,"(800000, 850000]"
83,Mount Pleasant West,Central Toronto,104.0,85.75,Safety,4.0,Excellent,520032.0,43.70443517060001,-79.393359554,0.5,B+,"(500000, 525000]"
106,Runnymede-Bloor West Village,West Toronto,89.0,88.12500000000001,Safety,3.0,Good,666204.0,43.6592688193,-79.485708182,0.5,B+,"(650000, 675000]"
113,Stonegate-Queensway,Etobicoke,16.0,88.625,Safety,4.0,Excellent,690949.0,43.635518132899996,-79.50112821329999,0.5,B+,"(675000, 700000]"
122,Waterfront Communities-The Island,Downtown Toronto,77.0,87.96875,Safety,1.0,Poor,416759.0,43.6338803623,-79.3772023146,0.5,B+,"(400000, 425000]"
129,Willowdale East,North York,51.0,88.21874999999999,Safety,4.0,Excellent,540911.0,43.7706022616,-79.40148378960001,0.5,B+,"(525000, 550000]"
2,Alderwood,Etobicoke,20.0,87.96875,Commute,4.0,Excellent,504233.0,43.6049368959,-79.5416109273,0.5,B+,"(500000, 525000]"
4,Banbury-Don Mills,North York,42.0,85.84375000000001,Commute,3.0,Good,613647.0,43.737657004300004,-79.3497179808,0.5,B+,"(600000, 625000]"
41,Etobicoke West Mall,Etobicoke,13.0,89.03124999999999,Commute,3.0,Good,298426.0,43.6450626244,-79.5689387722,0.5,B+,"(250000, 300000]"
43,Forest Hill North,Central Toronto,102.0,85.43749999999999,Commute,4.0,Excellent,957688.0,43.7042175596,-79.42814316479999,0.5,B+,"(900000, 1000000]"
47,Guildwood,Scarborough,140.0,88.625,Commute,2.0,Fair,444309.0,43.7488293378,-79.1950553496,0.5,B+,"(425000, 450000]"
50,High Park-Swansea,West Toronto,87.0,88.93749999999999,Commute,4.0,Excellent,622206.0,43.6450645834,-79.46787222430001,0.5,B+,"(600000, 625000]"
66,Lambton Baby Point,York,114.0,88.625,Commute,4.0,Excellent,806452.0,43.7957160278,-79.3140842409,0.5,B+,"(800000, 850000]"
67,Lansing-Westgate,North York,38.0,87.8125,Commute,4.0,Excellent,646460.0,43.754271154899996,-79.4247477215,0.5,B+,"(625000, 650000]"
70,Leaside-Bennington,East York,56.0,88.37499999999999,Commute,4.0,Excellent,1071823.0,43.7037966281,-79.3660723439,0.5,B+,"(1000000, 1500000]"
82,Mount Pleasant East,Central Toronto,99.0,85.1875,Commute,4.0,Excellent,815247.0,43.7048521692,-79.3849239458,0.5,B+,"(800000, 850000]"
83,Mount Pleasant West,Central Toronto,104.0,85.75,Commute,4.0,Excellent,520032.0,43.70443517060001,-79.393359554,0.5,B+,"(500000, 525000]"
106,Runnymede-Bloor West Village,West Toronto,89.0,88.12500000000001,Commute,3.0,Good,666204.0,43.6592688193,-79.485708182,0.5,B+,"(650000, 675000]"
113,Stonegate-Queensway,Etobicoke,16.0,88.625,Commute,4.0,Excellent,690949.0,43.635518132899996,-79.50112821329999,0.5,B+,"(675000, 700000]"
122,Waterfront Communities-The Island,Downtown Toronto,77.0,87.96875,Commute,4.0,Excellent,416759.0,43.6338803623,-79.3772023146,0.5,B+,"(400000, 425000]"
129,Willowdale East,North York,51.0,88.21874999999999,Commute,3.0,Good,540911.0,43.7706022616,-79.40148378960001,0.5,B+,"(525000, 550000]"
2,Alderwood,Etobicoke,20.0,87.96875,Work,3.0,Good,504233.0,43.6049368959,-79.5416109273,0.5,B+,"(500000, 525000]"
4,Banbury-Don Mills,North York,42.0,85.84375000000001,Work,3.0,Good,613647.0,43.737657004300004,-79.3497179808,0.5,B+,"(600000, 625000]"
41,Etobicoke West Mall,Etobicoke,13.0,89.03124999999999,Work,3.0,Good,298426.0,43.6450626244,-79.5689387722,0.5,B+,"(250000, 300000]"
43,Forest Hill North,Central Toronto,102.0,85.43749999999999,Work,3.0,Good,957688.0,43.7042175596,-79.42814316479999,0.5,B+,"(900000, 1000000]"
47,Guildwood,Scarborough,140.0,88.625,Work,3.0,Good,444309.0,43.7488293378,-79.1950553496,0.5,B+,"(425000, 450000]"
50,High Park-Swansea,West Toronto,87.0,88.93749999999999,Work,3.0,Good,622206.0,43.6450645834,-79.46787222430001,0.5,B+,"(600000, 625000]"
66,Lambton Baby Point,York,114.0,88.625,Work,3.0,Good,806452.0,43.7957160278,-79.3140842409,0.5,B+,"(800000, 850000]"
67,Lansing-Westgate,North York,38.0,87.8125,Work,3.0,Good,646460.0,43.754271154899996,-79.4247477215,0.5,B+,"(625000, 650000]"
70,Leaside-Bennington,East York,56.0,88.37499999999999,Work,3.0,Good,1071823.0,43.7037966281,-79.3660723439,0.5,B+,"(1000000, 1500000]"
82,Mount Pleasant East,Central Toronto,99.0,85.1875,Work,3.0,Good,815247.0,43.7048521692,-79.3849239458,0.5,B+,"(800000, 850000]"
83,Mount Pleasant West,Central Toronto,104.0,85.75,Work,3.0,Good,520032.0,43.70443517060001,-79.393359554,0.5,B+,"(500000, 525000]"
106,Runnymede-Bloor West Village,West Toronto,89.0,88.12500000000001,Work,4.0,Excellent,666204.0,43.6592688193,-79.485708182,0.5,B+,"(650000, 675000]"
113,Stonegate-Queensway,Etobicoke,16.0,88.625,Work,3.0,Good,690949.0,43.635518132899996,-79.50112821329999,0.5,B+,"(675000, 700000]"
122,Waterfront Communities-The Island,Downtown Toronto,77.0,87.96875,Work,4.0,Excellent,416759.0,43.6338803623,-79.3772023146,0.5,B+,"(400000, 425000]"
129,Willowdale East,North York,51.0,88.21874999999999,Work,2.0,Fair,540911.0,43.7706022616,-79.40148378960001,0.5,B+,"(525000, 550000]"
2,Alderwood,Etobicoke,20.0,87.96875,Health,4.0,Excellent,504233.0,43.6049368959,-79.5416109273,0.5,B+,"(500000, 525000]"
4,Banbury-Don Mills,North York,42.0,85.84375000000001,Health,3.0,Good,613647.0,43.737657004300004,-79.3497179808,0.5,B+,"(600000, 625000]"
41,Etobicoke West Mall,Etobicoke,13.0,89.03124999999999,Health,4.0,Excellent,298426.0,43.6450626244,-79.5689387722,0.5,B+,"(250000, 300000]"
43,Forest Hill North,Central Toronto,102.0,85.43749999999999,Health,3.0,Good,957688.0,43.7042175596,-79.42814316479999,0.5,B+,"(900000, 1000000]"
47,Guildwood,Scarborough,140.0,88.625,Health,4.0,Excellent,444309.0,43.7488293378,-79.1950553496,0.5,B+,"(425000, 450000]"
50,High Park-Swansea,West Toronto,87.0,88.93749999999999,Health,1.0,Poor,622206.0,43.6450645834,-79.46787222430001,0.5,B+,"(600000, 625000]"
66,Lambton Baby Point,York,114.0,88.625,Health,3.0,Good,806452.0,43.7957160278,-79.3140842409,0.5,B+,"(800000, 850000]"
67,Lansing-Westgate,North York,38.0,87.8125,Health,4.0,Excellent,646460.0,43.754271154899996,-79.4247477215,0.5,B+,"(625000, 650000]"
70,Leaside-Bennington,East York,56.0,88.37499999999999,Health,1.0,Poor,1071823.0,43.7037966281,-79.3660723439,0.5,B+,"(1000000, 1500000]"
82,Mount Pleasant East,Central Toronto,99.0,85.1875,Health,1.0,Poor,815247.0,43.7048521692,-79.3849239458,0.5,B+,"(800000, 850000]"
83,Mount Pleasant West,Central Toronto,104.0,85.75,Health,1.0,Poor,520032.0,43.70443517060001,-79.393359554,0.5,B+,"(500000, 525000]"
106,Runnymede-Bloor West Village,West Toronto,89.0,88.12500000000001,Health,1.0,Poor,666204.0,43.6592688193,-79.485708182,0.5,B+,"(650000, 675000]"
113,Stonegate-Queensway,Etobicoke,16.0,88.625,Health,3.0,Good,690949.0,43.635518132899996,-79.50112821329999,0.5,B+,"(675000, 700000]"
122,Waterfront Communities-The Island,Downtown Toronto,77.0,87.96875,Health,3.0,Good,416759.0,43.6338803623,-79.3772023146,0.5,B+,"(400000, 425000]"
129,Willowdale East,North York,51.0,88.21874999999999,Health,3.0,Good,540911.0,43.7706022616,-79.40148378960001,0.5,B+,"(525000, 550000]"
0,Agincourt North,Scarborough,129.0,81.90624999999999,Affordability,4.0,Excellent,375307.0,43.8054405769,-79.266712166,0.125,B,"(375000, 400000]"
3,Annex,Central Toronto,95.0,77.09375,Affordability,3.0,Good,993491.0,43.6715854351,-79.4040006243,0.125,B,"(900000, 1000000]"
5,Bathurst Manor,North York,34.0,81.4375,Affordability,3.0,Good,568877.0,43.7648133077,-79.4560551588,0.125,B,"(550000, 575000]"
6,Bay Street Corridor,Downtown Toronto,76.0,77.65625,Affordability,4.0,Excellent,457787.0,43.6575113467,-79.3857212509,0.125,B,"(450000, 475000]"
9,Bedford Park-Nortown,North York,39.0,84.53125,Affordability,3.0,Good,1191040.0,43.731486231800005,-79.4202273481,0.125,B,"(1000000, 1500000]"
23,Church-Yonge Corridor,Downtown Toronto,75.0,81.09375,Affordability,4.0,Excellent,410703.0,43.6596488635,-79.3790171666,0.125,B,"(400000, 425000]"
25,Clanton Park,North York,33.0,81.18749999999999,Affordability,3.0,Good,605585.0,43.7419784331,-79.4463025758,0.125,B,"(600000, 625000]"
27,Corso Italia-Davenport,Central Toronto,92.0,77.49999999999999,Affordability,3.0,Good,502819.0,43.6776609067,-79.4474693307,0.125,B,"(500000, 525000]"
28,Danforth,East Toronto,66.0,80.28125,Affordability,3.0,Good,585093.0,43.6840254743,-79.32981940890001,0.125,B,"(575000, 600000]"
48,Henry Farm,North York,53.0,75.37500000000001,Affordability,4.0,Excellent,372110.0,43.7711441425,-79.3412406671,0.125,B,"(350000, 375000]"
51,Highland Creek,Scarborough,134.0,84.9375,Affordability,4.0,Excellent,529278.0,43.7907747688,-79.17747247289999,0.125,B,"(525000, 550000]"
52,Hillcrest Village,North York,48.0,78.3125,Affordability,4.0,Excellent,484743.0,43.8029878281,-79.3548039999,0.125,B,"(475000, 500000]"
53,Humber Heights-Westmount,Etobicoke,8.0,81.59375,Affordability,3.0,Good,491396.0,43.6922328007,-79.5224162029,0.125,B,"(475000, 500000]"
56,Humewood-Cedarvale,York,106.0,81.4375,Affordability,2.0,Fair,800442.0,43.6913698124,-79.4276833521,0.125,B,"(800000, 850000]"
58,Islington-City Centre West,Etobicoke,14.0,84.53125,Affordability,4.0,Excellent,491678.0,43.6334633497,-79.5433165354,0.125,B,"(475000, 500000]"
64,Kingsway South,Etobicoke,15.0,84.93750000000003,Affordability,4.0,Excellent,941223.0,43.6535204276,-79.5105768007,0.125,B,"(900000, 1000000]"
65,L'Amoreaux,Scarborough,117.0,75.125,Affordability,4.0,Excellent,355438.0,43.6574201304,-79.4960452553,0.125,B,"(350000, 375000]"
72,Long Branch,Etobicoke,19.0,77.90625,Affordability,4.0,Excellent,459088.0,43.592361688500006,-79.5333454492,0.125,B,"(450000, 475000]"
76,Milliken,Scarborough,130.0,81.5,Affordability,4.0,Excellent,387879.0,43.8206907942,-79.2750089244,0.125,B,"(375000, 400000]"
77,Mimico,Etobicoke,17.0,81.34375,Affordability,4.0,Excellent,429941.0,43.615923861300004,-79.5001366364,0.125,B,"(425000, 450000]"
88,North Riverdale,East Toronto,68.0,77.5,Affordability,3.0,Good,818592.0,43.671995149,-79.3512604136,0.125,B,"(800000, 850000]"
93,Old East York,East York,58.0,84.78125000000001,Affordability,3.0,Good,581398.0,43.696781271199995,-79.3354883594,0.125,B,"(575000, 600000]"
95,Parkwoods-Donalda,North York,45.0,75.21875,Affordability,3.0,Good,553698.0,43.755033474499996,-79.3301795171,0.125,B,"(550000, 575000]"
96,Pelmo Park-Humberlea,North York,23.0,77.25000000000001,Affordability,4.0,Excellent,412618.0,43.7175146009,-79.52828220239999,0.125,B,"(400000, 425000]"
98,Pleasant View,North York,46.0,84.78125,Affordability,3.0,Good,463859.0,43.786981759,-79.33494842520001,0.125,B,"(450000, 475000]"
105,Rouge,Scarborough,131.0,82.15624999999999,Affordability,4.0,Excellent,426850.0,43.8212012569,-79.1863434458,0.125,B,"(425000, 450000]"
110,South Riverdale,East Toronto,70.0,76.59375,Affordability,3.0,Good,537087.0,43.649292063500006,-79.335651321,0.125,B,"(525000, 550000]"
111,St.Andrew-Windfields,North York,40.0,84.625,Affordability,2.0,Fair,1363202.0,43.7527583,-79.4000493,0.125,B,"(1000000, 1500000]"
112,Steeles,Scarborough,116.0,84.78124999999999,Affordability,3.0,Good,440688.0,43.812958825900004,-79.3212070061,0.125,B,"(425000, 450000]"
125,Westminster-Branson,North York,35.0,79.21875,Affordability,4.0,Excellent,372380.0,43.7788132165,-79.4524182256,0.125,B,"(350000, 375000]"
130,Willowdale West,North York,37.0,84.375,Affordability,3.0,Good,541247.0,43.771210491800005,-79.4275578,0.125,B,"(525000, 550000]"
133,Woodbine Corridor,East Toronto,64.0,84.53125,Affordability,4.0,Excellent,521549.0,43.6767729247,-79.3154073786,0.125,B,"(500000, 525000]"
134,Woodbine-Lumsden,East York,60.0,84.9375,Affordability,4.0,Excellent,440700.0,43.694106742399995,-79.3111635266,0.125,B,"(425000, 450000]"
136,Yonge-Eglinton,Central Toronto,100.0,81.1875,Affordability,3.0,Good,975449.0,43.704689367700006,-79.4035901675,0.125,B,"(900000, 1000000]"
0,Agincourt North,Scarborough,129.0,81.90624999999999,Safety,4.0,Excellent,375307.0,43.8054405769,-79.266712166,0.125,B,"(375000, 400000]"
3,Annex,Central Toronto,95.0,77.09375,Safety,1.0,Poor,993491.0,43.6715854351,-79.4040006243,0.125,B,"(900000, 1000000]"
5,Bathurst Manor,North York,34.0,81.4375,Safety,3.0,Good,568877.0,43.7648133077,-79.4560551588,0.125,B,"(550000, 575000]"
6,Bay Street Corridor,Downtown Toronto,76.0,77.65625,Safety,1.0,Poor,457787.0,43.6575113467,-79.3857212509,0.125,B,"(450000, 475000]"
9,Bedford Park-Nortown,North York,39.0,84.53125,Safety,3.0,Good,1191040.0,43.731486231800005,-79.4202273481,0.125,B,"(1000000, 1500000]"
23,Church-Yonge Corridor,Downtown Toronto,75.0,81.09375,Safety,1.0,Poor,410703.0,43.6596488635,-79.3790171666,0.125,B,"(400000, 425000]"
25,Clanton Park,North York,33.0,81.18749999999999,Safety,2.0,Fair,605585.0,43.7419784331,-79.4463025758,0.125,B,"(600000, 625000]"
27,Corso Italia-Davenport,Central Toronto,92.0,77.49999999999999,Safety,3.0,Good,502819.0,43.6776609067,-79.4474693307,0.125,B,"(500000, 525000]"
28,Danforth,East Toronto,66.0,80.28125,Safety,1.0,Poor,585093.0,43.6840254743,-79.32981940890001,0.125,B,"(575000, 600000]"
48,Henry Farm,North York,53.0,75.37500000000001,Safety,4.0,Excellent,372110.0,43.7711441425,-79.3412406671,0.125,B,"(350000, 375000]"
51,Highland Creek,Scarborough,134.0,84.9375,Safety,3.0,Good,529278.0,43.7907747688,-79.17747247289999,0.125,B,"(525000, 550000]"
52,Hillcrest Village,North York,48.0,78.3125,Safety,4.0,Excellent,484743.0,43.8029878281,-79.3548039999,0.125,B,"(475000, 500000]"
53,Humber Heights-Westmount,Etobicoke,8.0,81.59375,Safety,4.0,Excellent,491396.0,43.6922328007,-79.5224162029,0.125,B,"(475000, 500000]"
56,Humewood-Cedarvale,York,106.0,81.4375,Safety,4.0,Excellent,800442.0,43.6913698124,-79.4276833521,0.125,B,"(800000, 850000]"
58,Islington-City Centre West,Etobicoke,14.0,84.53125,Safety,2.0,Fair,491678.0,43.6334633497,-79.5433165354,0.125,B,"(475000, 500000]"
64,Kingsway South,Etobicoke,15.0,84.93750000000003,Safety,3.0,Good,941223.0,43.6535204276,-79.5105768007,0.125,B,"(900000, 1000000]"
65,L'Amoreaux,Scarborough,117.0,75.125,Safety,4.0,Excellent,355438.0,43.6574201304,-79.4960452553,0.125,B,"(350000, 375000]"
72,Long Branch,Etobicoke,19.0,77.90625,Safety,2.0,Fair,459088.0,43.592361688500006,-79.5333454492,0.125,B,"(450000, 475000]"
76,Milliken,Scarborough,130.0,81.5,Safety,3.0,Good,387879.0,43.8206907942,-79.2750089244,0.125,B,"(375000, 400000]"
77,Mimico,Etobicoke,17.0,81.34375,Safety,2.0,Fair,429941.0,43.615923861300004,-79.5001366364,0.125,B,"(425000, 450000]"
88,North Riverdale,East Toronto,68.0,77.5,Safety,2.0,Fair,818592.0,43.671995149,-79.3512604136,0.125,B,"(800000, 850000]"
93,Old East York,East York,58.0,84.78125000000001,Safety,3.0,Good,581398.0,43.696781271199995,-79.3354883594,0.125,B,"(575000, 600000]"
95,Parkwoods-Donalda,North York,45.0,75.21875,Safety,4.0,Excellent,553698.0,43.755033474499996,-79.3301795171,0.125,B,"(550000, 575000]"
96,Pelmo Park-Humberlea,North York,23.0,77.25000000000001,Safety,1.0,Poor,412618.0,43.7175146009,-79.52828220239999,0.125,B,"(400000, 425000]"
98,Pleasant View,North York,46.0,84.78125,Safety,4.0,Excellent,463859.0,43.786981759,-79.33494842520001,0.125,B,"(450000, 475000]"
105,Rouge,Scarborough,131.0,82.15624999999999,Safety,4.0,Excellent,426850.0,43.8212012569,-79.1863434458,0.125,B,"(425000, 450000]"
110,South Riverdale,East Toronto,70.0,76.59375,Safety,1.0,Poor,537087.0,43.649292063500006,-79.335651321,0.125,B,"(525000, 550000]"
111,St.Andrew-Windfields,North York,40.0,84.625,Safety,4.0,Excellent,1363202.0,43.7527583,-79.4000493,0.125,B,"(1000000, 1500000]"
112,Steeles,Scarborough,116.0,84.78124999999999,Safety,4.0,Excellent,440688.0,43.812958825900004,-79.3212070061,0.125,B,"(425000, 450000]"
125,Westminster-Branson,North York,35.0,79.21875,Safety,4.0,Excellent,372380.0,43.7788132165,-79.4524182256,0.125,B,"(350000, 375000]"
130,Willowdale West,North York,37.0,84.375,Safety,3.0,Good,541247.0,43.771210491800005,-79.4275578,0.125,B,"(525000, 550000]"
133,Woodbine Corridor,East Toronto,64.0,84.53125,Safety,2.0,Fair,521549.0,43.6767729247,-79.3154073786,0.125,B,"(500000, 525000]"
134,Woodbine-Lumsden,East York,60.0,84.9375,Safety,3.0,Good,440700.0,43.694106742399995,-79.3111635266,0.125,B,"(425000, 450000]"
136,Yonge-Eglinton,Central Toronto,100.0,81.1875,Safety,2.0,Fair,975449.0,43.704689367700006,-79.4035901675,0.125,B,"(900000, 1000000]"
0,Agincourt North,Scarborough,129.0,81.90624999999999,Commute,3.0,Good,375307.0,43.8054405769,-79.266712166,0.125,B,"(375000, 400000]"
3,Annex,Central Toronto,95.0,77.09375,Commute,4.0,Excellent,993491.0,43.6715854351,-79.4040006243,0.125,B,"(900000, 1000000]"
5,Bathurst Manor,North York,34.0,81.4375,Commute,3.0,Good,568877.0,43.7648133077,-79.4560551588,0.125,B,"(550000, 575000]"
6,Bay Street Corridor,Downtown Toronto,76.0,77.65625,Commute,4.0,Excellent,457787.0,43.6575113467,-79.3857212509,0.125,B,"(450000, 475000]"
9,Bedford Park-Nortown,North York,39.0,84.53125,Commute,4.0,Excellent,1191040.0,43.731486231800005,-79.4202273481,0.125,B,"(1000000, 1500000]"
23,Church-Yonge Corridor,Downtown Toronto,75.0,81.09375,Commute,4.0,Excellent,410703.0,43.6596488635,-79.3790171666,0.125,B,"(400000, 425000]"
25,Clanton Park,North York,33.0,81.18749999999999,Commute,4.0,Excellent,605585.0,43.7419784331,-79.4463025758,0.125,B,"(600000, 625000]"
27,Corso Italia-Davenport,Central Toronto,92.0,77.49999999999999,Commute,3.0,Good,502819.0,43.6776609067,-79.4474693307,0.125,B,"(500000, 525000]"
28,Danforth,East Toronto,66.0,80.28125,Commute,4.0,Excellent,585093.0,43.6840254743,-79.32981940890001,0.125,B,"(575000, 600000]"
48,Henry Farm,North York,53.0,75.37500000000001,Commute,2.0,Fair,372110.0,43.7711441425,-79.3412406671,0.125,B,"(350000, 375000]"
51,Highland Creek,Scarborough,134.0,84.9375,Commute,3.0,Good,529278.0,43.7907747688,-79.17747247289999,0.125,B,"(525000, 550000]"
52,Hillcrest Village,North York,48.0,78.3125,Commute,2.0,Fair,484743.0,43.8029878281,-79.3548039999,0.125,B,"(475000, 500000]"
53,Humber Heights-Westmount,Etobicoke,8.0,81.59375,Commute,3.0,Good,491396.0,43.6922328007,-79.5224162029,0.125,B,"(475000, 500000]"
56,Humewood-Cedarvale,York,106.0,81.4375,Commute,4.0,Excellent,800442.0,43.6913698124,-79.4276833521,0.125,B,"(800000, 850000]"
58,Islington-City Centre West,Etobicoke,14.0,84.53125,Commute,3.0,Good,491678.0,43.6334633497,-79.5433165354,0.125,B,"(475000, 500000]"
64,Kingsway South,Etobicoke,15.0,84.93750000000003,Commute,3.0,Good,941223.0,43.6535204276,-79.5105768007,0.125,B,"(900000, 1000000]"
65,L'Amoreaux,Scarborough,117.0,75.125,Commute,2.0,Fair,355438.0,43.6574201304,-79.4960452553,0.125,B,"(350000, 375000]"
72,Long Branch,Etobicoke,19.0,77.90625,Commute,3.0,Good,459088.0,43.592361688500006,-79.5333454492,0.125,B,"(450000, 475000]"
76,Milliken,Scarborough,130.0,81.5,Commute,3.0,Good,387879.0,43.8206907942,-79.2750089244,0.125,B,"(375000, 400000]"
77,Mimico,Etobicoke,17.0,81.34375,Commute,3.0,Good,429941.0,43.615923861300004,-79.5001366364,0.125,B,"(425000, 450000]"
88,North Riverdale,East Toronto,68.0,77.5,Commute,4.0,Excellent,818592.0,43.671995149,-79.3512604136,0.125,B,"(800000, 850000]"
93,Old East York,East York,58.0,84.78125000000001,Commute,4.0,Excellent,581398.0,43.696781271199995,-79.3354883594,0.125,B,"(575000, 600000]"
95,Parkwoods-Donalda,North York,45.0,75.21875,Commute,3.0,Good,553698.0,43.755033474499996,-79.3301795171,0.125,B,"(550000, 575000]"
96,Pelmo Park-Humberlea,North York,23.0,77.25000000000001,Commute,3.0,Good,412618.0,43.7175146009,-79.52828220239999,0.125,B,"(400000, 425000]"
98,Pleasant View,North York,46.0,84.78125,Commute,3.0,Good,463859.0,43.786981759,-79.33494842520001,0.125,B,"(450000, 475000]"
105,Rouge,Scarborough,131.0,82.15624999999999,Commute,3.0,Good,426850.0,43.8212012569,-79.1863434458,0.125,B,"(425000, 450000]"
110,South Riverdale,East Toronto,70.0,76.59375,Commute,4.0,Excellent,537087.0,43.649292063500006,-79.335651321,0.125,B,"(525000, 550000]"
111,St.Andrew-Windfields,North York,40.0,84.625,Commute,4.0,Excellent,1363202.0,43.7527583,-79.4000493,0.125,B,"(1000000, 1500000]"
112,Steeles,Scarborough,116.0,84.78124999999999,Commute,3.0,Good,440688.0,43.812958825900004,-79.3212070061,0.125,B,"(425000, 450000]"
125,Westminster-Branson,North York,35.0,79.21875,Commute,3.0,Good,372380.0,43.7788132165,-79.4524182256,0.125,B,"(350000, 375000]"
130,Willowdale West,North York,37.0,84.375,Commute,3.0,Good,541247.0,43.771210491800005,-79.4275578,0.125,B,"(525000, 550000]"
133,Woodbine Corridor,East Toronto,64.0,84.53125,Commute,3.0,Good,521549.0,43.6767729247,-79.3154073786,0.125,B,"(500000, 525000]"
134,Woodbine-Lumsden,East York,60.0,84.9375,Commute,3.0,Good,440700.0,43.694106742399995,-79.3111635266,0.125,B,"(425000, 450000]"
136,Yonge-Eglinton,Central Toronto,100.0,81.1875,Commute,4.0,Excellent,975449.0,43.704689367700006,-79.4035901675,0.125,B,"(900000, 1000000]"
0,Agincourt North,Scarborough,129.0,81.90624999999999,Work,2.0,Fair,375307.0,43.8054405769,-79.266712166,0.125,B,"(375000, 400000]"
3,Annex,Central Toronto,95.0,77.09375,Work,3.0,Good,993491.0,43.6715854351,-79.4040006243,0.125,B,"(900000, 1000000]"
5,Bathurst Manor,North York,34.0,81.4375,Work,3.0,Good,568877.0,43.7648133077,-79.4560551588,0.125,B,"(550000, 575000]"
6,Bay Street Corridor,Downtown Toronto,76.0,77.65625,Work,1.0,Poor,457787.0,43.6575113467,-79.3857212509,0.125,B,"(450000, 475000]"
9,Bedford Park-Nortown,North York,39.0,84.53125,Work,4.0,Excellent,1191040.0,43.731486231800005,-79.4202273481,0.125,B,"(1000000, 1500000]"
23,Church-Yonge Corridor,Downtown Toronto,75.0,81.09375,Work,2.0,Fair,410703.0,43.6596488635,-79.3790171666,0.125,B,"(400000, 425000]"
25,Clanton Park,North York,33.0,81.18749999999999,Work,3.0,Good,605585.0,43.7419784331,-79.4463025758,0.125,B,"(600000, 625000]"
27,Corso Italia-Davenport,Central Toronto,92.0,77.49999999999999,Work,3.0,Good,502819.0,43.6776609067,-79.4474693307,0.125,B,"(500000, 525000]"
28,Danforth,East Toronto,66.0,80.28125,Work,3.0,Good,585093.0,43.6840254743,-79.32981940890001,0.125,B,"(575000, 600000]"
48,Henry Farm,North York,53.0,75.37500000000001,Work,1.0,Poor,372110.0,43.7711441425,-79.3412406671,0.125,B,"(350000, 375000]"
51,Highland Creek,Scarborough,134.0,84.9375,Work,2.0,Fair,529278.0,43.7907747688,-79.17747247289999,0.125,B,"(525000, 550000]"
52,Hillcrest Village,North York,48.0,78.3125,Work,2.0,Fair,484743.0,43.8029878281,-79.3548039999,0.125,B,"(475000, 500000]"
53,Humber Heights-Westmount,Etobicoke,8.0,81.59375,Work,3.0,Good,491396.0,43.6922328007,-79.5224162029,0.125,B,"(475000, 500000]"
56,Humewood-Cedarvale,York,106.0,81.4375,Work,3.0,Good,800442.0,43.6913698124,-79.4276833521,0.125,B,"(800000, 850000]"
58,Islington-City Centre West,Etobicoke,14.0,84.53125,Work,3.0,Good,491678.0,43.6334633497,-79.5433165354,0.125,B,"(475000, 500000]"
64,Kingsway South,Etobicoke,15.0,84.93750000000003,Work,3.0,Good,941223.0,43.6535204276,-79.5105768007,0.125,B,"(900000, 1000000]"
65,L'Amoreaux,Scarborough,117.0,75.125,Work,1.0,Poor,355438.0,43.6574201304,-79.4960452553,0.125,B,"(350000, 375000]"
72,Long Branch,Etobicoke,19.0,77.90625,Work,3.0,Good,459088.0,43.592361688500006,-79.5333454492,0.125,B,"(450000, 475000]"
76,Milliken,Scarborough,130.0,81.5,Work,2.0,Fair,387879.0,43.8206907942,-79.2750089244,0.125,B,"(375000, 400000]"
77,Mimico,Etobicoke,17.0,81.34375,Work,3.0,Good,429941.0,43.615923861300004,-79.5001366364,0.125,B,"(425000, 450000]"
88,North Riverdale,East Toronto,68.0,77.5,Work,4.0,Excellent,818592.0,43.671995149,-79.3512604136,0.125,B,"(800000, 850000]"
93,Old East York,East York,58.0,84.78125000000001,Work,4.0,Excellent,581398.0,43.696781271199995,-79.3354883594,0.125,B,"(575000, 600000]"
95,Parkwoods-Donalda,North York,45.0,75.21875,Work,2.0,Fair,553698.0,43.755033474499996,-79.3301795171,0.125,B,"(550000, 575000]"
96,Pelmo Park-Humberlea,North York,23.0,77.25000000000001,Work,3.0,Good,412618.0,43.7175146009,-79.52828220239999,0.125,B,"(400000, 425000]"
98,Pleasant View,North York,46.0,84.78125,Work,2.0,Fair,463859.0,43.786981759,-79.33494842520001,0.125,B,"(450000, 475000]"
105,Rouge,Scarborough,131.0,82.15624999999999,Work,2.0,Fair,426850.0,43.8212012569,-79.1863434458,0.125,B,"(425000, 450000]"
110,South Riverdale,East Toronto,70.0,76.59375,Work,3.0,Good,537087.0,43.649292063500006,-79.335651321,0.125,B,"(525000, 550000]"
111,St.Andrew-Windfields,North York,40.0,84.625,Work,2.0,Fair,1363202.0,43.7527583,-79.4000493,0.125,B,"(1000000, 1500000]"
112,Steeles,Scarborough,116.0,84.78124999999999,Work,2.0,Fair,440688.0,43.812958825900004,-79.3212070061,0.125,B,"(425000, 450000]"
125,Westminster-Branson,North York,35.0,79.21875,Work,2.0,Fair,372380.0,43.7788132165,-79.4524182256,0.125,B,"(350000, 375000]"
130,Willowdale West,North York,37.0,84.375,Work,2.0,Fair,541247.0,43.771210491800005,-79.4275578,0.125,B,"(525000, 550000]"
133,Woodbine Corridor,East Toronto,64.0,84.53125,Work,3.0,Good,521549.0,43.6767729247,-79.3154073786,0.125,B,"(500000, 525000]"
134,Woodbine-Lumsden,East York,60.0,84.9375,Work,3.0,Good,440700.0,43.694106742399995,-79.3111635266,0.125,B,"(425000, 450000]"
136,Yonge-Eglinton,Central Toronto,100.0,81.1875,Work,3.0,Good,975449.0,43.704689367700006,-79.4035901675,0.125,B,"(900000, 1000000]"
0,Agincourt North,Scarborough,129.0,81.90624999999999,Health,2.0,Fair,375307.0,43.8054405769,-79.266712166,0.125,B,"(375000, 400000]"
3,Annex,Central Toronto,95.0,77.09375,Health,2.0,Fair,993491.0,43.6715854351,-79.4040006243,0.125,B,"(900000, 1000000]"
5,Bathurst Manor,North York,34.0,81.4375,Health,4.0,Excellent,568877.0,43.7648133077,-79.4560551588,0.125,B,"(550000, 575000]"
6,Bay Street Corridor,Downtown Toronto,76.0,77.65625,Health,3.0,Good,457787.0,43.6575113467,-79.3857212509,0.125,B,"(450000, 475000]"
9,Bedford Park-Nortown,North York,39.0,84.53125,Health,1.0,Poor,1191040.0,43.731486231800005,-79.4202273481,0.125,B,"(1000000, 1500000]"
23,Church-Yonge Corridor,Downtown Toronto,75.0,81.09375,Health,3.0,Good,410703.0,43.6596488635,-79.3790171666,0.125,B,"(400000, 425000]"
25,Clanton Park,North York,33.0,81.18749999999999,Health,4.0,Excellent,605585.0,43.7419784331,-79.4463025758,0.125,B,"(600000, 625000]"
27,Corso Italia-Davenport,Central Toronto,92.0,77.49999999999999,Health,2.0,Fair,502819.0,43.6776609067,-79.4474693307,0.125,B,"(500000, 525000]"
28,Danforth,East Toronto,66.0,80.28125,Health,3.0,Good,585093.0,43.6840254743,-79.32981940890001,0.125,B,"(575000, 600000]"
48,Henry Farm,North York,53.0,75.37500000000001,Health,3.0,Good,372110.0,43.7711441425,-79.3412406671,0.125,B,"(350000, 375000]"
51,Highland Creek,Scarborough,134.0,84.9375,Health,4.0,Excellent,529278.0,43.7907747688,-79.17747247289999,0.125,B,"(525000, 550000]"
52,Hillcrest Village,North York,48.0,78.3125,Health,1.0,Poor,484743.0,43.8029878281,-79.3548039999,0.125,B,"(475000, 500000]"
53,Humber Heights-Westmount,Etobicoke,8.0,81.59375,Health,3.0,Good,491396.0,43.6922328007,-79.5224162029,0.125,B,"(475000, 500000]"
56,Humewood-Cedarvale,York,106.0,81.4375,Health,3.0,Good,800442.0,43.6913698124,-79.4276833521,0.125,B,"(800000, 850000]"
58,Islington-City Centre West,Etobicoke,14.0,84.53125,Health,3.0,Good,491678.0,43.6334633497,-79.5433165354,0.125,B,"(475000, 500000]"
64,Kingsway South,Etobicoke,15.0,84.93750000000003,Health,1.0,Poor,941223.0,43.6535204276,-79.5105768007,0.125,B,"(900000, 1000000]"
65,L'Amoreaux,Scarborough,117.0,75.125,Health,3.0,Good,355438.0,43.6574201304,-79.4960452553,0.125,B,"(350000, 375000]"
72,Long Branch,Etobicoke,19.0,77.90625,Health,3.0,Good,459088.0,43.592361688500006,-79.5333454492,0.125,B,"(450000, 475000]"
76,Milliken,Scarborough,130.0,81.5,Health,3.0,Good,387879.0,43.8206907942,-79.2750089244,0.125,B,"(375000, 400000]"
77,Mimico,Etobicoke,17.0,81.34375,Health,3.0,Good,429941.0,43.615923861300004,-79.5001366364,0.125,B,"(425000, 450000]"
88,North Riverdale,East Toronto,68.0,77.5,Health,1.0,Poor,818592.0,43.671995149,-79.3512604136,0.125,B,"(800000, 850000]"
93,Old East York,East York,58.0,84.78125000000001,Health,3.0,Good,581398.0,43.696781271199995,-79.3354883594,0.125,B,"(575000, 600000]"
95,Parkwoods-Donalda,North York,45.0,75.21875,Health,3.0,Good,553698.0,43.755033474499996,-79.3301795171,0.125,B,"(550000, 575000]"
96,Pelmo Park-Humberlea,North York,23.0,77.25000000000001,Health,3.0,Good,412618.0,43.7175146009,-79.52828220239999,0.125,B,"(400000, 425000]"
98,Pleasant View,North York,46.0,84.78125,Health,3.0,Good,463859.0,43.786981759,-79.33494842520001,0.125,B,"(450000, 475000]"
105,Rouge,Scarborough,131.0,82.15624999999999,Health,3.0,Good,426850.0,43.8212012569,-79.1863434458,0.125,B,"(425000, 450000]"
110,South Riverdale,East Toronto,70.0,76.59375,Health,1.0,Poor,537087.0,43.649292063500006,-79.335651321,0.125,B,"(525000, 550000]"
111,St.Andrew-Windfields,North York,40.0,84.625,Health,4.0,Excellent,1363202.0,43.7527583,-79.4000493,0.125,B,"(1000000, 1500000]"
112,Steeles,Scarborough,116.0,84.78124999999999,Health,4.0,Excellent,440688.0,43.812958825900004,-79.3212070061,0.125,B,"(425000, 450000]"
125,Westminster-Branson,North York,35.0,79.21875,Health,3.0,Good,372380.0,43.7788132165,-79.4524182256,0.125,B,"(350000, 375000]"
130,Willowdale West,North York,37.0,84.375,Health,4.0,Excellent,541247.0,43.771210491800005,-79.4275578,0.125,B,"(525000, 550000]"
133,Woodbine Corridor,East Toronto,64.0,84.53125,Health,3.0,Good,521549.0,43.6767729247,-79.3154073786,0.125,B,"(500000, 525000]"
134,Woodbine-Lumsden,East York,60.0,84.9375,Health,3.0,Good,440700.0,43.694106742399995,-79.3111635266,0.125,B,"(425000, 450000]"
136,Yonge-Eglinton,Central Toronto,100.0,81.1875,Health,3.0,Good,975449.0,43.704689367700006,-79.4035901675,0.125,B,"(900000, 1000000]"
1,Agincourt South-Malvern West,Scarborough,128.0,74.21874999999999,Affordability,4.0,Excellent,332710.0,43.788657551099995,-79.2656117966,0.0625,C,"(325000, 350000]"
8,Bayview Woods-Steeles,North York,49.0,70.40624999999999,Affordability,1.0,Poor,784397.0,43.7968018666,-79.3821179542,0.0625,C,"(750000, 800000]"
11,Bendale,Scarborough,127.0,70.625,Affordability,4.0,Excellent,329355.0,43.7603663086,-79.2574003723,0.0625,C,"(325000, 350000]"
12,Birchcliffe-Cliffside,Scarborough,122.0,73.81249999999999,Affordability,4.0,Excellent,522905.0,43.694681978599995,-79.2650925923,0.0625,C,"(500000, 525000]"
14,Blake-Jones,East York,69.0,70.21875,Affordability,3.0,Good,571246.0,43.67617287979999,-79.3373941732,0.0625,C,"(550000, 575000]"
15,Briar Hill-Belgravia,York,108.0,71.28125,Affordability,4.0,Excellent,373937.0,43.699024381,-79.4528512962,0.0625,C,"(350000, 375000]"
17,Broadview North,East York,57.0,70.71875000000001,Affordability,2.0,Fair,518555.0,43.688825119200004,-79.3556295118,0.0625,C,"(500000, 525000]"
19,Cabbagetown-South St.James Town,Downtown Toronto,71.0,70.78125,Affordability,4.0,Excellent,537025.0,43.667647727399995,-79.36610665810001,0.0625,C,"(525000, 550000]"
26,Cliffcrest,Scarborough,123.0,70.46875,Affordability,3.0,Good,542218.0,43.7211211669,-79.2355295687,0.0625,C,"(525000, 550000]"
30,Don Valley Village,North York,47.0,70.71875,Affordability,3.0,Good,478489.0,43.783293686899995,-79.3536441306,0.0625,C,"(475000, 500000]"
31,Dorset Park,Scarborough,126.0,70.625,Affordability,4.0,Excellent,279189.0,43.759274372700006,-79.2789079388,0.0625,C,"(250000, 300000]"
32,Dovercourt-Wallace Emerson-Juncti,West Toronto,93.0,74.0625,Affordability,3.0,Good,512789.0,43.6656769317,-79.4385406986,0.0625,C,"(500000, 525000]"
35,East End-Danforth,Downtown Toronto,62.0,70.625,Affordability,4.0,Excellent,535867.0,43.684173877700005,-79.2993586723,0.0625,C,"(525000, 550000]"
36,Edenbridge-Humber Valley,Etobicoke,9.0,71.78125,Affordability,3.0,Good,873268.0,43.6708859094,-79.5224577643,0.0625,C,"(850000, 900000]"
46,Greenwood-Coxwell,East Toronto,65.0,73.40625,Affordability,3.0,Good,490920.0,43.6726123109,-79.3243180234,0.0625,C,"(475000, 500000]"
49,High Park North,West Toronto,88.0,74.96875,Affordability,3.0,Good,609689.0,43.6575649139,-79.4663021661,0.0625,C,"(600000, 625000]"
54,Humber Summit,North York,21.0,70.625,Affordability,4.0,Excellent,354381.0,43.7563033,-79.5659633,0.0625,C,"(350000, 375000]"
59,Junction Area,West Toronto,90.0,70.0625,Affordability,3.0,Good,532997.0,43.6678897668,-79.47143987359999,0.0625,C,"(525000, 550000]"
60,Keelesdale-Eglinton West,York,110.0,71.03124999999999,Affordability,4.0,Excellent,373029.0,43.6857274725,-79.4714371062,0.0625,C,"(350000, 375000]"
62,Kensington-Chinatown,Downtown Toronto,78.0,70.21875,Affordability,3.0,Good,477989.0,43.653554131599996,-79.3972398768,0.0625,C,"(475000, 500000]"
71,Little Portugal,West Toronto,84.0,74.31249999999999,Affordability,3.0,Good,514960.0,43.6475359304,-79.4303227131,0.0625,C,"(500000, 525000]"
73,Malvern,Scarborough,132.0,71.4375,Affordability,4.0,Excellent,256488.0,43.8036581967,-79.22251661899999,0.0625,C,"(250000, 300000]"
74,Maple Leaf,North York,29.0,74.40624999999999,Affordability,2.0,Fair,540741.0,43.7155739408,-79.48075801739999,0.0625,C,"(525000, 550000]"
78,Morningside,Scarborough,135.0,70.875,Affordability,4.0,Excellent,289646.0,43.782398614499996,-79.2070411878,0.0625,C,"(250000, 300000]"
79,Moss Park,Downtown Toronto,73.0,74.21875000000001,Affordability,4.0,Excellent,457524.0,43.6565176231,-79.3672970317,0.0625,C,"(450000, 475000]"
85,Newtonbrook East,North York,50.0,74.15625,Affordability,3.0,Good,626626.0,43.791535791,-79.4059374472,0.0625,C,"(625000, 650000]"
94,Palmerston-Little Italy,Downtown Toronto,80.0,70.0625,Affordability,2.0,Fair,781568.0,43.6591571037,-79.41840872739999,0.0625,C,"(750000, 800000]"
99,Princess-Rosethorn,Etobicoke,10.0,73.90625,Affordability,3.0,Good,971668.0,43.666050604300004,-79.5445592919,0.0625,C,"(900000, 1000000]"
103,Roncesvalles,West Toronto,86.0,70.21875000000001,Affordability,3.0,Good,581425.0,43.646122994399995,-79.4429924472,0.0625,C,"(575000, 600000]"
118,Thorncliffe Park,East York,55.0,71.53125,Affordability,3.0,Good,313618.0,43.707749211899994,-79.3499836075,0.0625,C,"(300000, 325000]"
124,West Humber-Clairville,Etobicoke,1.0,70.625,Affordability,4.0,Excellent,317508.0,43.7161804033,-79.59635645350001,0.0625,C,"(300000, 325000]"
135,Wychwood,Central Toronto,94.0,70.87500000000001,Affordability,3.0,Good,656868.0,43.6769192679,-79.425514947,0.0625,C,"(650000, 675000]"
139,Yorkdale-Glen Park,North York,31.0,74.21875,Affordability,4.0,Excellent,421045.0,43.714671529300006,-79.4571080738,0.0625,C,"(400000, 425000]"
1,Agincourt South-Malvern West,Scarborough,128.0,74.21874999999999,Safety,2.0,Fair,332710.0,43.788657551099995,-79.2656117966,0.0625,C,"(325000, 350000]"
8,Bayview Woods-Steeles,North York,49.0,70.40624999999999,Safety,4.0,Excellent,784397.0,43.7968018666,-79.3821179542,0.0625,C,"(750000, 800000]"
11,Bendale,Scarborough,127.0,70.625,Safety,1.0,Poor,329355.0,43.7603663086,-79.2574003723,0.0625,C,"(325000, 350000]"
12,Birchcliffe-Cliffside,Scarborough,122.0,73.81249999999999,Safety,1.0,Poor,522905.0,43.694681978599995,-79.2650925923,0.0625,C,"(500000, 525000]"
14,Blake-Jones,East York,69.0,70.21875,Safety,1.0,Poor,571246.0,43.67617287979999,-79.3373941732,0.0625,C,"(550000, 575000]"
15,Briar Hill-Belgravia,York,108.0,71.28125,Safety,2.0,Fair,373937.0,43.699024381,-79.4528512962,0.0625,C,"(350000, 375000]"
17,Broadview North,East York,57.0,70.71875000000001,Safety,3.0,Good,518555.0,43.688825119200004,-79.3556295118,0.0625,C,"(500000, 525000]"
19,Cabbagetown-South St.James Town,Downtown Toronto,71.0,70.78125,Safety,1.0,Poor,537025.0,43.667647727399995,-79.36610665810001,0.0625,C,"(525000, 550000]"
26,Cliffcrest,Scarborough,123.0,70.46875,Safety,2.0,Fair,542218.0,43.7211211669,-79.2355295687,0.0625,C,"(525000, 550000]"
30,Don Valley Village,North York,47.0,70.71875,Safety,3.0,Good,478489.0,43.783293686899995,-79.3536441306,0.0625,C,"(475000, 500000]"
31,Dorset Park,Scarborough,126.0,70.625,Safety,1.0,Poor,279189.0,43.759274372700006,-79.2789079388,0.0625,C,"(250000, 300000]"
32,Dovercourt-Wallace Emerson-Juncti,West Toronto,93.0,74.0625,Safety,2.0,Fair,512789.0,43.6656769317,-79.4385406986,0.0625,C,"(500000, 525000]"
35,East End-Danforth,Downtown Toronto,62.0,70.625,Safety,1.0,Poor,535867.0,43.684173877700005,-79.2993586723,0.0625,C,"(525000, 550000]"
36,Edenbridge-Humber Valley,Etobicoke,9.0,71.78125,Safety,4.0,Excellent,873268.0,43.6708859094,-79.5224577643,0.0625,C,"(850000, 900000]"
46,Greenwood-Coxwell,East Toronto,65.0,73.40625,Safety,1.0,Poor,490920.0,43.6726123109,-79.3243180234,0.0625,C,"(475000, 500000]"
49,High Park North,West Toronto,88.0,74.96875,Safety,4.0,Excellent,609689.0,43.6575649139,-79.4663021661,0.0625,C,"(600000, 625000]"
54,Humber Summit,North York,21.0,70.625,Safety,1.0,Poor,354381.0,43.7563033,-79.5659633,0.0625,C,"(350000, 375000]"
59,Junction Area,West Toronto,90.0,70.0625,Safety,1.0,Poor,532997.0,43.6678897668,-79.47143987359999,0.0625,C,"(525000, 550000]"
60,Keelesdale-Eglinton West,York,110.0,71.03124999999999,Safety,2.0,Fair,373029.0,43.6857274725,-79.4714371062,0.0625,C,"(350000, 375000]"
62,Kensington-Chinatown,Downtown Toronto,78.0,70.21875,Safety,1.0,Poor,477989.0,43.653554131599996,-79.3972398768,0.0625,C,"(475000, 500000]"
71,Little Portugal,West Toronto,84.0,74.31249999999999,Safety,2.0,Fair,514960.0,43.6475359304,-79.4303227131,0.0625,C,"(500000, 525000]"
73,Malvern,Scarborough,132.0,71.4375,Safety,3.0,Good,256488.0,43.8036581967,-79.22251661899999,0.0625,C,"(250000, 300000]"
74,Maple Leaf,North York,29.0,74.40624999999999,Safety,4.0,Excellent,540741.0,43.7155739408,-79.48075801739999,0.0625,C,"(525000, 550000]"
78,Morningside,Scarborough,135.0,70.875,Safety,2.0,Fair,289646.0,43.782398614499996,-79.2070411878,0.0625,C,"(250000, 300000]"
79,Moss Park,Downtown Toronto,73.0,74.21875000000001,Safety,1.0,Poor,457524.0,43.6565176231,-79.3672970317,0.0625,C,"(450000, 475000]"
85,Newtonbrook East,North York,50.0,74.15625,Safety,3.0,Good,626626.0,43.791535791,-79.4059374472,0.0625,C,"(625000, 650000]"
94,Palmerston-Little Italy,Downtown Toronto,80.0,70.0625,Safety,2.0,Fair,781568.0,43.6591571037,-79.41840872739999,0.0625,C,"(750000, 800000]"
99,Princess-Rosethorn,Etobicoke,10.0,73.90625,Safety,2.0,Fair,971668.0,43.666050604300004,-79.5445592919,0.0625,C,"(900000, 1000000]"
103,Roncesvalles,West Toronto,86.0,70.21875000000001,Safety,1.0,Poor,581425.0,43.646122994399995,-79.4429924472,0.0625,C,"(575000, 600000]"
118,Thorncliffe Park,East York,55.0,71.53125,Safety,4.0,Excellent,313618.0,43.707749211899994,-79.3499836075,0.0625,C,"(300000, 325000]"
124,West Humber-Clairville,Etobicoke,1.0,70.625,Safety,1.0,Poor,317508.0,43.7161804033,-79.59635645350001,0.0625,C,"(300000, 325000]"
135,Wychwood,Central Toronto,94.0,70.87500000000001,Safety,2.0,Fair,656868.0,43.6769192679,-79.425514947,0.0625,C,"(650000, 675000]"
139,Yorkdale-Glen Park,North York,31.0,74.21875,Safety,1.0,Poor,421045.0,43.714671529300006,-79.4571080738,0.0625,C,"(400000, 425000]"
1,Agincourt South-Malvern West,Scarborough,128.0,74.21874999999999,Commute,3.0,Good,332710.0,43.788657551099995,-79.2656117966,0.0625,C,"(325000, 350000]"
8,Bayview Woods-Steeles,North York,49.0,70.40624999999999,Commute,3.0,Good,784397.0,43.7968018666,-79.3821179542,0.0625,C,"(750000, 800000]"
11,Bendale,Scarborough,127.0,70.625,Commute,3.0,Good,329355.0,43.7603663086,-79.2574003723,0.0625,C,"(325000, 350000]"
12,Birchcliffe-Cliffside,Scarborough,122.0,73.81249999999999,Commute,3.0,Good,522905.0,43.694681978599995,-79.2650925923,0.0625,C,"(500000, 525000]"
14,Blake-Jones,East York,69.0,70.21875,Commute,4.0,Excellent,571246.0,43.67617287979999,-79.3373941732,0.0625,C,"(550000, 575000]"
15,Briar Hill-Belgravia,York,108.0,71.28125,Commute,3.0,Good,373937.0,43.699024381,-79.4528512962,0.0625,C,"(350000, 375000]"
17,Broadview North,East York,57.0,70.71875000000001,Commute,4.0,Excellent,518555.0,43.688825119200004,-79.3556295118,0.0625,C,"(500000, 525000]"
19,Cabbagetown-South St.James Town,Downtown Toronto,71.0,70.78125,Commute,4.0,Excellent,537025.0,43.667647727399995,-79.36610665810001,0.0625,C,"(525000, 550000]"
26,Cliffcrest,Scarborough,123.0,70.46875,Commute,3.0,Good,542218.0,43.7211211669,-79.2355295687,0.0625,C,"(525000, 550000]"
30,Don Valley Village,North York,47.0,70.71875,Commute,2.0,Fair,478489.0,43.783293686899995,-79.3536441306,0.0625,C,"(475000, 500000]"
31,Dorset Park,Scarborough,126.0,70.625,Commute,3.0,Good,279189.0,43.759274372700006,-79.2789079388,0.0625,C,"(250000, 300000]"
32,Dovercourt-Wallace Emerson-Juncti,West Toronto,93.0,74.0625,Commute,4.0,Excellent,512789.0,43.6656769317,-79.4385406986,0.0625,C,"(500000, 525000]"
35,East End-Danforth,Downtown Toronto,62.0,70.625,Commute,3.0,Good,535867.0,43.684173877700005,-79.2993586723,0.0625,C,"(525000, 550000]"
36,Edenbridge-Humber Valley,Etobicoke,9.0,71.78125,Commute,3.0,Good,873268.0,43.6708859094,-79.5224577643,0.0625,C,"(850000, 900000]"
46,Greenwood-Coxwell,East Toronto,65.0,73.40625,Commute,4.0,Excellent,490920.0,43.6726123109,-79.3243180234,0.0625,C,"(475000, 500000]"
49,High Park North,West Toronto,88.0,74.96875,Commute,3.0,Good,609689.0,43.6575649139,-79.4663021661,0.0625,C,"(600000, 625000]"
54,Humber Summit,North York,21.0,70.625,Commute,3.0,Good,354381.0,43.7563033,-79.5659633,0.0625,C,"(350000, 375000]"
59,Junction Area,West Toronto,90.0,70.0625,Commute,3.0,Good,532997.0,43.6678897668,-79.47143987359999,0.0625,C,"(525000, 550000]"
60,Keelesdale-Eglinton West,York,110.0,71.03124999999999,Commute,3.0,Good,373029.0,43.6857274725,-79.4714371062,0.0625,C,"(350000, 375000]"
62,Kensington-Chinatown,Downtown Toronto,78.0,70.21875,Commute,4.0,Excellent,477989.0,43.653554131599996,-79.3972398768,0.0625,C,"(475000, 500000]"
71,Little Portugal,West Toronto,84.0,74.31249999999999,Commute,4.0,Excellent,514960.0,43.6475359304,-79.4303227131,0.0625,C,"(500000, 525000]"
73,Malvern,Scarborough,132.0,71.4375,Commute,3.0,Good,256488.0,43.8036581967,-79.22251661899999,0.0625,C,"(250000, 300000]"
74,Maple Leaf,North York,29.0,74.40624999999999,Commute,3.0,Good,540741.0,43.7155739408,-79.48075801739999,0.0625,C,"(525000, 550000]"
78,Morningside,Scarborough,135.0,70.875,Commute,2.0,Fair,289646.0,43.782398614499996,-79.2070411878,0.0625,C,"(250000, 300000]"
79,Moss Park,Downtown Toronto,73.0,74.21875000000001,Commute,4.0,Excellent,457524.0,43.6565176231,-79.3672970317,0.0625,C,"(450000, 475000]"
85,Newtonbrook East,North York,50.0,74.15625,Commute,2.0,Fair,626626.0,43.791535791,-79.4059374472,0.0625,C,"(625000, 650000]"
94,Palmerston-Little Italy,Downtown Toronto,80.0,70.0625,Commute,4.0,Excellent,781568.0,43.6591571037,-79.41840872739999,0.0625,C,"(750000, 800000]"
99,Princess-Rosethorn,Etobicoke,10.0,73.90625,Commute,3.0,Good,971668.0,43.666050604300004,-79.5445592919,0.0625,C,"(900000, 1000000]"
103,Roncesvalles,West Toronto,86.0,70.21875000000001,Commute,4.0,Excellent,581425.0,43.646122994399995,-79.4429924472,0.0625,C,"(575000, 600000]"
118,Thorncliffe Park,East York,55.0,71.53125,Commute,3.0,Good,313618.0,43.707749211899994,-79.3499836075,0.0625,C,"(300000, 325000]"
124,West Humber-Clairville,Etobicoke,1.0,70.625,Commute,3.0,Good,317508.0,43.7161804033,-79.59635645350001,0.0625,C,"(300000, 325000]"
135,Wychwood,Central Toronto,94.0,70.87500000000001,Commute,4.0,Excellent,656868.0,43.6769192679,-79.425514947,0.0625,C,"(650000, 675000]"
139,Yorkdale-Glen Park,North York,31.0,74.21875,Commute,4.0,Excellent,421045.0,43.714671529300006,-79.4571080738,0.0625,C,"(400000, 425000]"
1,Agincourt South-Malvern West,Scarborough,128.0,74.21874999999999,Work,2.0,Fair,332710.0,43.788657551099995,-79.2656117966,0.0625,C,"(325000, 350000]"
8,Bayview Woods-Steeles,North York,49.0,70.40624999999999,Work,3.0,Good,784397.0,43.7968018666,-79.3821179542,0.0625,C,"(750000, 800000]"
11,Bendale,Scarborough,127.0,70.625,Work,2.0,Fair,329355.0,43.7603663086,-79.2574003723,0.0625,C,"(325000, 350000]"
12,Birchcliffe-Cliffside,Scarborough,122.0,73.81249999999999,Work,2.0,Fair,522905.0,43.694681978599995,-79.2650925923,0.0625,C,"(500000, 525000]"
14,Blake-Jones,East York,69.0,70.21875,Work,2.0,Fair,571246.0,43.67617287979999,-79.3373941732,0.0625,C,"(550000, 575000]"
15,Briar Hill-Belgravia,York,108.0,71.28125,Work,2.0,Fair,373937.0,43.699024381,-79.4528512962,0.0625,C,"(350000, 375000]"
17,Broadview North,East York,57.0,70.71875000000001,Work,2.0,Fair,518555.0,43.688825119200004,-79.3556295118,0.0625,C,"(500000, 525000]"
19,Cabbagetown-South St.James Town,Downtown Toronto,71.0,70.78125,Work,2.0,Fair,537025.0,43.667647727399995,-79.36610665810001,0.0625,C,"(525000, 550000]"
26,Cliffcrest,Scarborough,123.0,70.46875,Work,2.0,Fair,542218.0,43.7211211669,-79.2355295687,0.0625,C,"(525000, 550000]"
30,Don Valley Village,North York,47.0,70.71875,Work,2.0,Fair,478489.0,43.783293686899995,-79.3536441306,0.0625,C,"(475000, 500000]"
31,Dorset Park,Scarborough,126.0,70.625,Work,2.0,Fair,279189.0,43.759274372700006,-79.2789079388,0.0625,C,"(250000, 300000]"
32,Dovercourt-Wallace Emerson-Juncti,West Toronto,93.0,74.0625,Work,3.0,Good,512789.0,43.6656769317,-79.4385406986,0.0625,C,"(500000, 525000]"
35,East End-Danforth,Downtown Toronto,62.0,70.625,Work,2.0,Fair,535867.0,43.684173877700005,-79.2993586723,0.0625,C,"(525000, 550000]"
36,Edenbridge-Humber Valley,Etobicoke,9.0,71.78125,Work,3.0,Good,873268.0,43.6708859094,-79.5224577643,0.0625,C,"(850000, 900000]"
46,Greenwood-Coxwell,East Toronto,65.0,73.40625,Work,3.0,Good,490920.0,43.6726123109,-79.3243180234,0.0625,C,"(475000, 500000]"
49,High Park North,West Toronto,88.0,74.96875,Work,3.0,Good,609689.0,43.6575649139,-79.4663021661,0.0625,C,"(600000, 625000]"
54,Humber Summit,North York,21.0,70.625,Work,2.0,Fair,354381.0,43.7563033,-79.5659633,0.0625,C,"(350000, 375000]"
59,Junction Area,West Toronto,90.0,70.0625,Work,4.0,Excellent,532997.0,43.6678897668,-79.47143987359999,0.0625,C,"(525000, 550000]"
60,Keelesdale-Eglinton West,York,110.0,71.03124999999999,Work,2.0,Fair,373029.0,43.6857274725,-79.4714371062,0.0625,C,"(350000, 375000]"
62,Kensington-Chinatown,Downtown Toronto,78.0,70.21875,Work,2.0,Fair,477989.0,43.653554131599996,-79.3972398768,0.0625,C,"(475000, 500000]"
71,Little Portugal,West Toronto,84.0,74.31249999999999,Work,3.0,Good,514960.0,43.6475359304,-79.4303227131,0.0625,C,"(500000, 525000]"
73,Malvern,Scarborough,132.0,71.4375,Work,1.0,Poor,256488.0,43.8036581967,-79.22251661899999,0.0625,C,"(250000, 300000]"
74,Maple Leaf,North York,29.0,74.40624999999999,Work,2.0,Fair,540741.0,43.7155739408,-79.48075801739999,0.0625,C,"(525000, 550000]"
78,Morningside,Scarborough,135.0,70.875,Work,1.0,Poor,289646.0,43.782398614499996,-79.2070411878,0.0625,C,"(250000, 300000]"
79,Moss Park,Downtown Toronto,73.0,74.21875000000001,Work,3.0,Good,457524.0,43.6565176231,-79.3672970317,0.0625,C,"(450000, 475000]"
85,Newtonbrook East,North York,50.0,74.15625,Work,2.0,Fair,626626.0,43.791535791,-79.4059374472,0.0625,C,"(625000, 650000]"
94,Palmerston-Little Italy,Downtown Toronto,80.0,70.0625,Work,3.0,Good,781568.0,43.6591571037,-79.41840872739999,0.0625,C,"(750000, 800000]"
99,Princess-Rosethorn,Etobicoke,10.0,73.90625,Work,3.0,Good,971668.0,43.666050604300004,-79.5445592919,0.0625,C,"(900000, 1000000]"
103,Roncesvalles,West Toronto,86.0,70.21875000000001,Work,3.0,Good,581425.0,43.646122994399995,-79.4429924472,0.0625,C,"(575000, 600000]"
118,Thorncliffe Park,East York,55.0,71.53125,Work,1.0,Poor,313618.0,43.707749211899994,-79.3499836075,0.0625,C,"(300000, 325000]"
124,West Humber-Clairville,Etobicoke,1.0,70.625,Work,2.0,Fair,317508.0,43.7161804033,-79.59635645350001,0.0625,C,"(300000, 325000]"
135,Wychwood,Central Toronto,94.0,70.87500000000001,Work,4.0,Excellent,656868.0,43.6769192679,-79.425514947,0.0625,C,"(650000, 675000]"
139,Yorkdale-Glen Park,North York,31.0,74.21875,Work,2.0,Fair,421045.0,43.714671529300006,-79.4571080738,0.0625,C,"(400000, 425000]"
1,Agincourt South-Malvern West,Scarborough,128.0,74.21874999999999,Health,2.0,Fair,332710.0,43.788657551099995,-79.2656117966,0.0625,C,"(325000, 350000]"
8,Bayview Woods-Steeles,North York,49.0,70.40624999999999,Health,2.0,Fair,784397.0,43.7968018666,-79.3821179542,0.0625,C,"(750000, 800000]"
11,Bendale,Scarborough,127.0,70.625,Health,3.0,Good,329355.0,43.7603663086,-79.2574003723,0.0625,C,"(325000, 350000]"
12,Birchcliffe-Cliffside,Scarborough,122.0,73.81249999999999,Health,3.0,Good,522905.0,43.694681978599995,-79.2650925923,0.0625,C,"(500000, 525000]"
14,Blake-Jones,East York,69.0,70.21875,Health,2.0,Fair,571246.0,43.67617287979999,-79.3373941732,0.0625,C,"(550000, 575000]"
15,Briar Hill-Belgravia,York,108.0,71.28125,Health,3.0,Good,373937.0,43.699024381,-79.4528512962,0.0625,C,"(350000, 375000]"
17,Broadview North,East York,57.0,70.71875000000001,Health,3.0,Good,518555.0,43.688825119200004,-79.3556295118,0.0625,C,"(500000, 525000]"
19,Cabbagetown-South St.James Town,Downtown Toronto,71.0,70.78125,Health,1.0,Poor,537025.0,43.667647727399995,-79.36610665810001,0.0625,C,"(525000, 550000]"
26,Cliffcrest,Scarborough,123.0,70.46875,Health,3.0,Good,542218.0,43.7211211669,-79.2355295687,0.0625,C,"(525000, 550000]"
30,Don Valley Village,North York,47.0,70.71875,Health,2.0,Fair,478489.0,43.783293686899995,-79.3536441306,0.0625,C,"(475000, 500000]"
31,Dorset Park,Scarborough,126.0,70.625,Health,3.0,Good,279189.0,43.759274372700006,-79.2789079388,0.0625,C,"(250000, 300000]"
32,Dovercourt-Wallace Emerson-Juncti,West Toronto,93.0,74.0625,Health,2.0,Fair,512789.0,43.6656769317,-79.4385406986,0.0625,C,"(500000, 525000]"
35,East End-Danforth,Downtown Toronto,62.0,70.625,Health,2.0,Fair,535867.0,43.684173877700005,-79.2993586723,0.0625,C,"(525000, 550000]"
36,Edenbridge-Humber Valley,Etobicoke,9.0,71.78125,Health,1.0,Poor,873268.0,43.6708859094,-79.5224577643,0.0625,C,"(850000, 900000]"
46,Greenwood-Coxwell,East Toronto,65.0,73.40625,Health,1.0,Poor,490920.0,43.6726123109,-79.3243180234,0.0625,C,"(475000, 500000]"
49,High Park North,West Toronto,88.0,74.96875,Health,1.0,Poor,609689.0,43.6575649139,-79.4663021661,0.0625,C,"(600000, 625000]"
54,Humber Summit,North York,21.0,70.625,Health,3.0,Good,354381.0,43.7563033,-79.5659633,0.0625,C,"(350000, 375000]"
59,Junction Area,West Toronto,90.0,70.0625,Health,1.0,Poor,532997.0,43.6678897668,-79.47143987359999,0.0625,C,"(525000, 550000]"
60,Keelesdale-Eglinton West,York,110.0,71.03124999999999,Health,3.0,Good,373029.0,43.6857274725,-79.4714371062,0.0625,C,"(350000, 375000]"
62,Kensington-Chinatown,Downtown Toronto,78.0,70.21875,Health,2.0,Fair,477989.0,43.653554131599996,-79.3972398768,0.0625,C,"(475000, 500000]"
71,Little Portugal,West Toronto,84.0,74.31249999999999,Health,2.0,Fair,514960.0,43.6475359304,-79.4303227131,0.0625,C,"(500000, 525000]"
73,Malvern,Scarborough,132.0,71.4375,Health,2.0,Fair,256488.0,43.8036581967,-79.22251661899999,0.0625,C,"(250000, 300000]"
74,Maple Leaf,North York,29.0,74.40624999999999,Health,4.0,Excellent,540741.0,43.7155739408,-79.48075801739999,0.0625,C,"(525000, 550000]"
78,Morningside,Scarborough,135.0,70.875,Health,4.0,Excellent,289646.0,43.782398614499996,-79.2070411878,0.0625,C,"(250000, 300000]"
79,Moss Park,Downtown Toronto,73.0,74.21875000000001,Health,1.0,Poor,457524.0,43.6565176231,-79.3672970317,0.0625,C,"(450000, 475000]"
85,Newtonbrook East,North York,50.0,74.15625,Health,3.0,Good,626626.0,43.791535791,-79.4059374472,0.0625,C,"(625000, 650000]"
94,Palmerston-Little Italy,Downtown Toronto,80.0,70.0625,Health,1.0,Poor,781568.0,43.6591571037,-79.41840872739999,0.0625,C,"(750000, 800000]"
99,Princess-Rosethorn,Etobicoke,10.0,73.90625,Health,2.0,Fair,971668.0,43.666050604300004,-79.5445592919,0.0625,C,"(900000, 1000000]"
103,Roncesvalles,West Toronto,86.0,70.21875000000001,Health,1.0,Poor,581425.0,43.646122994399995,-79.4429924472,0.0625,C,"(575000, 600000]"
118,Thorncliffe Park,East York,55.0,71.53125,Health,3.0,Good,313618.0,43.707749211899994,-79.3499836075,0.0625,C,"(300000, 325000]"
124,West Humber-Clairville,Etobicoke,1.0,70.625,Health,3.0,Good,317508.0,43.7161804033,-79.59635645350001,0.0625,C,"(300000, 325000]"
135,Wychwood,Central Toronto,94.0,70.87500000000001,Health,1.0,Poor,656868.0,43.6769192679,-79.425514947,0.0625,C,"(650000, 675000]"
139,Yorkdale-Glen Park,North York,31.0,74.21875,Health,3.0,Good,421045.0,43.714671529300006,-79.4571080738,0.0625,C,"(400000, 425000]"
10,Beechborough-Greenbrook,York,112.0,56.8125,Affordability,3.0,Good,440179.0,43.6932164866,-79.4794725057,0.03125,F,"(425000, 450000]"
13,Black Creek,North York,24.0,50.5,Affordability,4.0,Excellent,235143.0,43.7648902472,-79.5219793188,0.03125,F,"(200000, 250000]"
18,Brookhaven-Amesbury,North York,30.0,54.1875,Affordability,4.0,Excellent,352428.0,43.701326305600006,-79.485589259,0.03125,F,"(350000, 375000]"
20,Caledonia-Fairbank,York,109.0,63.4375,Affordability,3.0,Good,400532.0,43.688568651000004,-79.4552120796,0.03125,F,"(400000, 425000]"
24,Clairlea-Birchmount,Scarborough,120.0,67.03125,Affordability,4.0,Excellent,387912.0,43.713592375,-79.28138178420001,0.03125,F,"(375000, 400000]"
33,Downsview-Roding-CFB,North York,26.0,63.6875,Affordability,3.0,Good,400486.0,43.7332923453,-79.4904973518,0.03125,F,"(400000, 425000]"
34,Dufferin Grove,West Toronto,83.0,63.03125000000001,Affordability,2.0,Fair,502736.0,43.6554283326,-79.4373410365,0.03125,F,"(500000, 525000]"
37,Eglinton East,Scarborough,138.0,57.21874999999999,Affordability,4.0,Excellent,274020.0,43.7409222979,-79.245598036,0.03125,F,"(250000, 300000]"
38,Elms-Old Rexdale,Etobicoke,5.0,64.65625,Affordability,4.0,Excellent,233832.0,43.721518868400004,-79.54898271649999,0.03125,F,"(200000, 250000]"
39,Englemount-Lawrence,North York,32.0,64.25,Affordability,3.0,Good,577889.0,43.7203446653,-79.43740855,0.03125,F,"(575000, 600000]"
42,Flemingdon Park,North York,44.0,64.90625,Affordability,4.0,Excellent,204104.0,43.715929753999994,-79.3326459673,0.03125,F,"(200000, 250000]"
45,Glenfield-Jane Heights,North York,25.0,50.5,Affordability,4.0,Excellent,304262.0,43.745635749799995,-79.5134653159,0.03125,F,"(300000, 325000]"
55,Humbermede,North York,22.0,64.0,Affordability,4.0,Excellent,314721.0,43.7434295175,-79.5423671192,0.03125,F,"(300000, 325000]"
57,Ionview,Scarborough,125.0,57.62500000000001,Affordability,4.0,Excellent,330109.0,43.735364407700004,-79.27247049420001,0.03125,F,"(325000, 350000]"
61,Kennedy Park,Scarborough,124.0,63.84375,Affordability,4.0,Excellent,293600.0,43.725555723199996,-79.2603822071,0.03125,F,"(250000, 300000]"
63,Kingsview Village-The Westway,Etobicoke,6.0,67.84374999999999,Affordability,4.0,Excellent,292861.0,43.698992572200005,-79.5478633059,0.03125,F,"(250000, 300000]"
80,Mount Dennis,York,115.0,60.40624999999999,Affordability,4.0,Excellent,273418.0,43.6881440868,-79.4999890581,0.03125,F,"(250000, 300000]"
81,Mount Olive-Silverstone-Jamestown,Etobicoke,2.0,61.21875,Affordability,4.0,Excellent,251119.0,43.7468678027,-79.58725926460001,0.03125,F,"(250000, 300000]"
84,New Toronto,Etobicoke,18.0,59.84374999999999,Affordability,3.0,Good,460811.0,43.6005885981,-79.5103580889,0.03125,F,"(450000, 475000]"
86,Newtonbrook West,North York,36.0,63.12500000000001,Affordability,2.0,Fair,557468.0,43.789053,-79.4084928,0.03125,F,"(550000, 575000]"
89,North St.James Town,Downtown Toronto,74.0,62.21875,Affordability,1.0,Poor,489366.0,43.6696234081,-79.3752465775,0.03125,F,"(475000, 500000]"
90,O'Connor-Parkview,East York,54.0,53.625,Affordability,3.0,Good,538203.0,43.6974081338,-79.2797083433,0.03125,F,"(525000, 550000]"
91,Oakridge,Scarborough,121.0,60.15625,Affordability,3.0,Good,347446.0,43.6885655593,-79.4397854793,0.03125,F,"(325000, 350000]"
92,Oakwood Village,York,107.0,63.4375,Affordability,3.0,Good,482040.0,43.7068004906,-79.3122277655,0.03125,F,"(475000, 500000]"
97,Playter Estates-Danforth,East Toronto,67.0,63.03125000000001,Affordability,2.0,Fair,842668.0,43.6797004697,-79.3548872857,0.03125,F,"(800000, 850000]"
100,Regent Park,Downtown Toronto,72.0,59.43750000000001,Affordability,1.0,Poor,484444.0,43.659992142200004,-79.3605088051,0.03125,F,"(475000, 500000]"
101,Rexdale-Kipling,Etobicoke,4.0,67.84375,Affordability,4.0,Excellent,392271.0,43.723725477200006,-79.5662284127,0.03125,F,"(375000, 400000]"
102,Rockcliffe-Smythe,York,111.0,63.84375,Affordability,4.0,Excellent,353967.0,43.6747904521,-79.4944204513,0.03125,F,"(350000, 375000]"
107,Rustic,North York,28.0,67.53125,Affordability,2.0,Fair,493442.0,43.7116091166,-79.4980914696,0.03125,F,"(475000, 500000]"
108,Scarborough Village,Scarborough,139.0,53.78124999999999,Affordability,4.0,Excellent,356096.0,43.7386518596,-79.216812619,0.03125,F,"(350000, 375000]"
109,South Parkdale,West Toronto,85.0,59.03125,Affordability,1.0,Poor,500054.0,43.6366995242,-79.43933783119999,0.03125,F,"(500000, 525000]"
114,Tam O'Shanter-Sullivan,Scarborough,118.0,68.09375,Affordability,3.0,Good,411143.0,43.7801298547,-79.3029187122,0.03125,F,"(400000, 425000]"
115,Taylor-Massey,East York,61.0,64.25,Affordability,4.0,Excellent,254151.0,43.6949981893,-79.2959011188,0.03125,F,"(250000, 300000]"
117,Thistletown-Beaumond Heights,Etobicoke,3.0,68.0,Affordability,4.0,Excellent,414216.0,43.737987917299996,-79.56349101720001,0.03125,F,"(400000, 425000]"
119,Trinity-Bellwoods,West Toronto,81.0,68.84374999999999,Affordability,1.0,Poor,723909.0,43.6501763,-79.4153421634,0.03125,F,"(700000, 750000]"
120,University,Downtown Toronto,79.0,62.78125,Affordability,2.0,Fair,773920.0,43.6625062026,-79.401179748,0.03125,F,"(750000, 800000]"
121,Victoria Village,North York,43.0,67.84375,Affordability,4.0,Excellent,365107.0,43.728489019399994,-79.31487382649999,0.03125,F,"(350000, 375000]"
123,West Hill,Scarborough,136.0,63.59374999999999,Affordability,4.0,Excellent,308229.0,43.7674902567,-79.1766760264,0.03125,F,"(300000, 325000]"
126,Weston,York,113.0,57.125,Affordability,4.0,Excellent,280187.0,43.702716046300004,-79.5157225505,0.03125,F,"(250000, 300000]"
127,Weston-Pellam Park,West Toronto,91.0,60.15625,Affordability,4.0,Excellent,382119.0,43.67396203770001,-79.4602439114,0.03125,F,"(375000, 400000]"
128,Wexford/Maryvale,Scarborough,119.0,63.59375000000001,Affordability,3.0,Good,422689.0,43.7485721411,-79.2986365699,0.03125,F,"(400000, 425000]"
131,Willowridge-Martingrove-Richview,Etobicoke,7.0,67.28125,Affordability,3.0,Good,511637.0,43.6889054,-79.5547244,0.03125,F,"(500000, 525000]"
132,Woburn,Scarborough,137.0,67.84375,Affordability,4.0,Excellent,316584.0,43.766740239300006,-79.2285857671,0.03125,F,"(300000, 325000]"
138,York University Heights,North York,27.0,49.93749999999999,Affordability,3.0,Good,359372.0,43.765736490900004,-79.4888829298,0.03125,F,"(350000, 375000]"
10,Beechborough-Greenbrook,York,112.0,56.8125,Safety,1.0,Poor,440179.0,43.6932164866,-79.4794725057,0.03125,F,"(425000, 450000]"
13,Black Creek,North York,24.0,50.5,Safety,1.0,Poor,235143.0,43.7648902472,-79.5219793188,0.03125,F,"(200000, 250000]"
18,Brookhaven-Amesbury,North York,30.0,54.1875,Safety,2.0,Fair,352428.0,43.701326305600006,-79.485589259,0.03125,F,"(350000, 375000]"
20,Caledonia-Fairbank,York,109.0,63.4375,Safety,2.0,Fair,400532.0,43.688568651000004,-79.4552120796,0.03125,F,"(400000, 425000]"
24,Clairlea-Birchmount,Scarborough,120.0,67.03125,Safety,1.0,Poor,387912.0,43.713592375,-79.28138178420001,0.03125,F,"(375000, 400000]"
33,Downsview-Roding-CFB,North York,26.0,63.6875,Safety,1.0,Poor,400486.0,43.7332923453,-79.4904973518,0.03125,F,"(400000, 425000]"
34,Dufferin Grove,West Toronto,83.0,63.03125000000001,Safety,1.0,Poor,502736.0,43.6554283326,-79.4373410365,0.03125,F,"(500000, 525000]"
37,Eglinton East,Scarborough,138.0,57.21874999999999,Safety,1.0,Poor,274020.0,43.7409222979,-79.245598036,0.03125,F,"(250000, 300000]"
38,Elms-Old Rexdale,Etobicoke,5.0,64.65625,Safety,2.0,Fair,233832.0,43.721518868400004,-79.54898271649999,0.03125,F,"(200000, 250000]"
39,Englemount-Lawrence,North York,32.0,64.25,Safety,2.0,Fair,577889.0,43.7203446653,-79.43740855,0.03125,F,"(575000, 600000]"
42,Flemingdon Park,North York,44.0,64.90625,Safety,3.0,Good,204104.0,43.715929753999994,-79.3326459673,0.03125,F,"(200000, 250000]"
45,Glenfield-Jane Heights,North York,25.0,50.5,Safety,1.0,Poor,304262.0,43.745635749799995,-79.5134653159,0.03125,F,"(300000, 325000]"
55,Humbermede,North York,22.0,64.0,Safety,1.0,Poor,314721.0,43.7434295175,-79.5423671192,0.03125,F,"(300000, 325000]"
57,Ionview,Scarborough,125.0,57.62500000000001,Safety,2.0,Fair,330109.0,43.735364407700004,-79.27247049420001,0.03125,F,"(325000, 350000]"
61,Kennedy Park,Scarborough,124.0,63.84375,Safety,1.0,Poor,293600.0,43.725555723199996,-79.2603822071,0.03125,F,"(250000, 300000]"
63,Kingsview Village-The Westway,Etobicoke,6.0,67.84374999999999,Safety,2.0,Fair,292861.0,43.698992572200005,-79.5478633059,0.03125,F,"(250000, 300000]"
80,Mount Dennis,York,115.0,60.40624999999999,Safety,1.0,Poor,273418.0,43.6881440868,-79.4999890581,0.03125,F,"(250000, 300000]"
81,Mount Olive-Silverstone-Jamestown,Etobicoke,2.0,61.21875,Safety,2.0,Fair,251119.0,43.7468678027,-79.58725926460001,0.03125,F,"(250000, 300000]"
84,New Toronto,Etobicoke,18.0,59.84374999999999,Safety,1.0,Poor,460811.0,43.6005885981,-79.5103580889,0.03125,F,"(450000, 475000]"
86,Newtonbrook West,North York,36.0,63.12500000000001,Safety,2.0,Fair,557468.0,43.789053,-79.4084928,0.03125,F,"(550000, 575000]"
89,North St.James Town,Downtown Toronto,74.0,62.21875,Safety,1.0,Poor,489366.0,43.6696234081,-79.3752465775,0.03125,F,"(475000, 500000]"
90,O'Connor-Parkview,East York,54.0,53.625,Safety,2.0,Fair,538203.0,43.6974081338,-79.2797083433,0.03125,F,"(525000, 550000]"
91,Oakridge,Scarborough,121.0,60.15625,Safety,1.0,Poor,347446.0,43.6885655593,-79.4397854793,0.03125,F,"(325000, 350000]"
92,Oakwood Village,York,107.0,63.4375,Safety,2.0,Fair,482040.0,43.7068004906,-79.3122277655,0.03125,F,"(475000, 500000]"
97,Playter Estates-Danforth,East Toronto,67.0,63.03125000000001,Safety,1.0,Poor,842668.0,43.6797004697,-79.3548872857,0.03125,F,"(800000, 850000]"
100,Regent Park,Downtown Toronto,72.0,59.43750000000001,Safety,2.0,Fair,484444.0,43.659992142200004,-79.3605088051,0.03125,F,"(475000, 500000]"
101,Rexdale-Kipling,Etobicoke,4.0,67.84375,Safety,2.0,Fair,392271.0,43.723725477200006,-79.5662284127,0.03125,F,"(375000, 400000]"
102,Rockcliffe-Smythe,York,111.0,63.84375,Safety,1.0,Poor,353967.0,43.6747904521,-79.4944204513,0.03125,F,"(350000, 375000]"
107,Rustic,North York,28.0,67.53125,Safety,3.0,Good,493442.0,43.7116091166,-79.4980914696,0.03125,F,"(475000, 500000]"
108,Scarborough Village,Scarborough,139.0,53.78124999999999,Safety,1.0,Poor,356096.0,43.7386518596,-79.216812619,0.03125,F,"(350000, 375000]"
109,South Parkdale,West Toronto,85.0,59.03125,Safety,1.0,Poor,500054.0,43.6366995242,-79.43933783119999,0.03125,F,"(500000, 525000]"
114,Tam O'Shanter-Sullivan,Scarborough,118.0,68.09375,Safety,4.0,Excellent,411143.0,43.7801298547,-79.3029187122,0.03125,F,"(400000, 425000]"
115,Taylor-Massey,East York,61.0,64.25,Safety,2.0,Fair,254151.0,43.6949981893,-79.2959011188,0.03125,F,"(250000, 300000]"
117,Thistletown-Beaumond Heights,Etobicoke,3.0,68.0,Safety,3.0,Good,414216.0,43.737987917299996,-79.56349101720001,0.03125,F,"(400000, 425000]"
119,Trinity-Bellwoods,West Toronto,81.0,68.84374999999999,Safety,1.0,Poor,723909.0,43.6501763,-79.4153421634,0.03125,F,"(700000, 750000]"
120,University,Downtown Toronto,79.0,62.78125,Safety,1.0,Poor,773920.0,43.6625062026,-79.401179748,0.03125,F,"(750000, 800000]"
121,Victoria Village,North York,43.0,67.84375,Safety,2.0,Fair,365107.0,43.728489019399994,-79.31487382649999,0.03125,F,"(350000, 375000]"
123,West Hill,Scarborough,136.0,63.59374999999999,Safety,1.0,Poor,308229.0,43.7674902567,-79.1766760264,0.03125,F,"(300000, 325000]"
126,Weston,York,113.0,57.125,Safety,1.0,Poor,280187.0,43.702716046300004,-79.5157225505,0.03125,F,"(250000, 300000]"
127,Weston-Pellam Park,West Toronto,91.0,60.15625,Safety,1.0,Poor,382119.0,43.67396203770001,-79.4602439114,0.03125,F,"(375000, 400000]"
128,Wexford/Maryvale,Scarborough,119.0,63.59375000000001,Safety,2.0,Fair,422689.0,43.7485721411,-79.2986365699,0.03125,F,"(400000, 425000]"
131,Willowridge-Martingrove-Richview,Etobicoke,7.0,67.28125,Safety,2.0,Fair,511637.0,43.6889054,-79.5547244,0.03125,F,"(500000, 525000]"
132,Woburn,Scarborough,137.0,67.84375,Safety,2.0,Fair,316584.0,43.766740239300006,-79.2285857671,0.03125,F,"(300000, 325000]"
138,York University Heights,North York,27.0,49.93749999999999,Safety,1.0,Poor,359372.0,43.765736490900004,-79.4888829298,0.03125,F,"(350000, 375000]"
10,Beechborough-Greenbrook,York,112.0,56.8125,Commute,3.0,Good,440179.0,43.6932164866,-79.4794725057,0.03125,F,"(425000, 450000]"
13,Black Creek,North York,24.0,50.5,Commute,3.0,Good,235143.0,43.7648902472,-79.5219793188,0.03125,F,"(200000, 250000]"
18,Brookhaven-Amesbury,North York,30.0,54.1875,Commute,2.0,Fair,352428.0,43.701326305600006,-79.485589259,0.03125,F,"(350000, 375000]"
20,Caledonia-Fairbank,York,109.0,63.4375,Commute,2.0,Fair,400532.0,43.688568651000004,-79.4552120796,0.03125,F,"(400000, 425000]"
24,Clairlea-Birchmount,Scarborough,120.0,67.03125,Commute,2.0,Fair,387912.0,43.713592375,-79.28138178420001,0.03125,F,"(375000, 400000]"
33,Downsview-Roding-CFB,North York,26.0,63.6875,Commute,3.0,Good,400486.0,43.7332923453,-79.4904973518,0.03125,F,"(400000, 425000]"
34,Dufferin Grove,West Toronto,83.0,63.03125000000001,Commute,4.0,Excellent,502736.0,43.6554283326,-79.4373410365,0.03125,F,"(500000, 525000]"
37,Eglinton East,Scarborough,138.0,57.21874999999999,Commute,2.0,Fair,274020.0,43.7409222979,-79.245598036,0.03125,F,"(250000, 300000]"
38,Elms-Old Rexdale,Etobicoke,5.0,64.65625,Commute,3.0,Good,233832.0,43.721518868400004,-79.54898271649999,0.03125,F,"(200000, 250000]"
39,Englemount-Lawrence,North York,32.0,64.25,Commute,4.0,Excellent,577889.0,43.7203446653,-79.43740855,0.03125,F,"(575000, 600000]"
42,Flemingdon Park,North York,44.0,64.90625,Commute,2.0,Fair,204104.0,43.715929753999994,-79.3326459673,0.03125,F,"(200000, 250000]"
45,Glenfield-Jane Heights,North York,25.0,50.5,Commute,3.0,Good,304262.0,43.745635749799995,-79.5134653159,0.03125,F,"(300000, 325000]"
55,Humbermede,North York,22.0,64.0,Commute,3.0,Good,314721.0,43.7434295175,-79.5423671192,0.03125,F,"(300000, 325000]"
57,Ionview,Scarborough,125.0,57.62500000000001,Commute,2.0,Fair,330109.0,43.735364407700004,-79.27247049420001,0.03125,F,"(325000, 350000]"
61,Kennedy Park,Scarborough,124.0,63.84375,Commute,2.0,Fair,293600.0,43.725555723199996,-79.2603822071,0.03125,F,"(250000, 300000]"
63,Kingsview Village-The Westway,Etobicoke,6.0,67.84374999999999,Commute,3.0,Good,292861.0,43.698992572200005,-79.5478633059,0.03125,F,"(250000, 300000]"
80,Mount Dennis,York,115.0,60.40624999999999,Commute,2.0,Fair,273418.0,43.6881440868,-79.4999890581,0.03125,F,"(250000, 300000]"
81,Mount Olive-Silverstone-Jamestown,Etobicoke,2.0,61.21875,Commute,3.0,Good,251119.0,43.7468678027,-79.58725926460001,0.03125,F,"(250000, 300000]"
84,New Toronto,Etobicoke,18.0,59.84374999999999,Commute,2.0,Fair,460811.0,43.6005885981,-79.5103580889,0.03125,F,"(450000, 475000]"
86,Newtonbrook West,North York,36.0,63.12500000000001,Commute,2.0,Fair,557468.0,43.789053,-79.4084928,0.03125,F,"(550000, 575000]"
89,North St.James Town,Downtown Toronto,74.0,62.21875,Commute,4.0,Excellent,489366.0,43.6696234081,-79.3752465775,0.03125,F,"(475000, 500000]"
90,O'Connor-Parkview,East York,54.0,53.625,Commute,2.0,Fair,538203.0,43.6974081338,-79.2797083433,0.03125,F,"(525000, 550000]"
91,Oakridge,Scarborough,121.0,60.15625,Commute,4.0,Excellent,347446.0,43.6885655593,-79.4397854793,0.03125,F,"(325000, 350000]"
92,Oakwood Village,York,107.0,63.4375,Commute,2.0,Fair,482040.0,43.7068004906,-79.3122277655,0.03125,F,"(475000, 500000]"
97,Playter Estates-Danforth,East Toronto,67.0,63.03125000000001,Commute,4.0,Excellent,842668.0,43.6797004697,-79.3548872857,0.03125,F,"(800000, 850000]"
100,Regent Park,Downtown Toronto,72.0,59.43750000000001,Commute,4.0,Excellent,484444.0,43.659992142200004,-79.3605088051,0.03125,F,"(475000, 500000]"
101,Rexdale-Kipling,Etobicoke,4.0,67.84375,Commute,3.0,Good,392271.0,43.723725477200006,-79.5662284127,0.03125,F,"(375000, 400000]"
102,Rockcliffe-Smythe,York,111.0,63.84375,Commute,2.0,Fair,353967.0,43.6747904521,-79.4944204513,0.03125,F,"(350000, 375000]"
107,Rustic,North York,28.0,67.53125,Commute,4.0,Excellent,493442.0,43.7116091166,-79.4980914696,0.03125,F,"(475000, 500000]"
108,Scarborough Village,Scarborough,139.0,53.78124999999999,Commute,2.0,Fair,356096.0,43.7386518596,-79.216812619,0.03125,F,"(350000, 375000]"
109,South Parkdale,West Toronto,85.0,59.03125,Commute,4.0,Excellent,500054.0,43.6366995242,-79.43933783119999,0.03125,F,"(500000, 525000]"
114,Tam O'Shanter-Sullivan,Scarborough,118.0,68.09375,Commute,3.0,Good,411143.0,43.7801298547,-79.3029187122,0.03125,F,"(400000, 425000]"
115,Taylor-Massey,East York,61.0,64.25,Commute,2.0,Fair,254151.0,43.6949981893,-79.2959011188,0.03125,F,"(250000, 300000]"
117,Thistletown-Beaumond Heights,Etobicoke,3.0,68.0,Commute,3.0,Good,414216.0,43.737987917299996,-79.56349101720001,0.03125,F,"(400000, 425000]"
119,Trinity-Bellwoods,West Toronto,81.0,68.84374999999999,Commute,4.0,Excellent,723909.0,43.6501763,-79.4153421634,0.03125,F,"(700000, 750000]"
120,University,Downtown Toronto,79.0,62.78125,Commute,4.0,Excellent,773920.0,43.6625062026,-79.401179748,0.03125,F,"(750000, 800000]"
121,Victoria Village,North York,43.0,67.84375,Commute,3.0,Good,365107.0,43.728489019399994,-79.31487382649999,0.03125,F,"(350000, 375000]"
123,West Hill,Scarborough,136.0,63.59374999999999,Commute,2.0,Fair,308229.0,43.7674902567,-79.1766760264,0.03125,F,"(300000, 325000]"
126,Weston,York,113.0,57.125,Commute,3.0,Good,280187.0,43.702716046300004,-79.5157225505,0.03125,F,"(250000, 300000]"
127,Weston-Pellam Park,West Toronto,91.0,60.15625,Commute,2.0,Fair,382119.0,43.67396203770001,-79.4602439114,0.03125,F,"(375000, 400000]"
128,Wexford/Maryvale,Scarborough,119.0,63.59375000000001,Commute,3.0,Good,422689.0,43.7485721411,-79.2986365699,0.03125,F,"(400000, 425000]"
131,Willowridge-Martingrove-Richview,Etobicoke,7.0,67.28125,Commute,3.0,Good,511637.0,43.6889054,-79.5547244,0.03125,F,"(500000, 525000]"
132,Woburn,Scarborough,137.0,67.84375,Commute,3.0,Good,316584.0,43.766740239300006,-79.2285857671,0.03125,F,"(300000, 325000]"
138,York University Heights,North York,27.0,49.93749999999999,Commute,3.0,Good,359372.0,43.765736490900004,-79.4888829298,0.03125,F,"(350000, 375000]"
10,Beechborough-Greenbrook,York,112.0,56.8125,Work,1.0,Poor,440179.0,43.6932164866,-79.4794725057,0.03125,F,"(425000, 450000]"
13,Black Creek,North York,24.0,50.5,Work,1.0,Poor,235143.0,43.7648902472,-79.5219793188,0.03125,F,"(200000, 250000]"
18,Brookhaven-Amesbury,North York,30.0,54.1875,Work,1.0,Poor,352428.0,43.701326305600006,-79.485589259,0.03125,F,"(350000, 375000]"
20,Caledonia-Fairbank,York,109.0,63.4375,Work,3.0,Good,400532.0,43.688568651000004,-79.4552120796,0.03125,F,"(400000, 425000]"
24,Clairlea-Birchmount,Scarborough,120.0,67.03125,Work,2.0,Fair,387912.0,43.713592375,-79.28138178420001,0.03125,F,"(375000, 400000]"
33,Downsview-Roding-CFB,North York,26.0,63.6875,Work,3.0,Good,400486.0,43.7332923453,-79.4904973518,0.03125,F,"(400000, 425000]"
34,Dufferin Grove,West Toronto,83.0,63.03125000000001,Work,3.0,Good,502736.0,43.6554283326,-79.4373410365,0.03125,F,"(500000, 525000]"
37,Eglinton East,Scarborough,138.0,57.21874999999999,Work,1.0,Poor,274020.0,43.7409222979,-79.245598036,0.03125,F,"(250000, 300000]"
38,Elms-Old Rexdale,Etobicoke,5.0,64.65625,Work,1.0,Poor,233832.0,43.721518868400004,-79.54898271649999,0.03125,F,"(200000, 250000]"
39,Englemount-Lawrence,North York,32.0,64.25,Work,2.0,Fair,577889.0,43.7203446653,-79.43740855,0.03125,F,"(575000, 600000]"
42,Flemingdon Park,North York,44.0,64.90625,Work,1.0,Poor,204104.0,43.715929753999994,-79.3326459673,0.03125,F,"(200000, 250000]"
45,Glenfield-Jane Heights,North York,25.0,50.5,Work,1.0,Poor,304262.0,43.745635749799995,-79.5134653159,0.03125,F,"(300000, 325000]"
55,Humbermede,North York,22.0,64.0,Work,1.0,Poor,314721.0,43.7434295175,-79.5423671192,0.03125,F,"(300000, 325000]"
57,Ionview,Scarborough,125.0,57.62500000000001,Work,2.0,Fair,330109.0,43.735364407700004,-79.27247049420001,0.03125,F,"(325000, 350000]"
61,Kennedy Park,Scarborough,124.0,63.84375,Work,2.0,Fair,293600.0,43.725555723199996,-79.2603822071,0.03125,F,"(250000, 300000]"
63,Kingsview Village-The Westway,Etobicoke,6.0,67.84374999999999,Work,2.0,Fair,292861.0,43.698992572200005,-79.5478633059,0.03125,F,"(250000, 300000]"
80,Mount Dennis,York,115.0,60.40624999999999,Work,1.0,Poor,273418.0,43.6881440868,-79.4999890581,0.03125,F,"(250000, 300000]"
81,Mount Olive-Silverstone-Jamestown,Etobicoke,2.0,61.21875,Work,1.0,Poor,251119.0,43.7468678027,-79.58725926460001,0.03125,F,"(250000, 300000]"
84,New Toronto,Etobicoke,18.0,59.84374999999999,Work,2.0,Fair,460811.0,43.6005885981,-79.5103580889,0.03125,F,"(450000, 475000]"
86,Newtonbrook West,North York,36.0,63.12500000000001,Work,2.0,Fair,557468.0,43.789053,-79.4084928,0.03125,F,"(550000, 575000]"
89,North St.James Town,Downtown Toronto,74.0,62.21875,Work,1.0,Poor,489366.0,43.6696234081,-79.3752465775,0.03125,F,"(475000, 500000]"
90,O'Connor-Parkview,East York,54.0,53.625,Work,1.0,Poor,538203.0,43.6974081338,-79.2797083433,0.03125,F,"(525000, 550000]"
91,Oakridge,Scarborough,121.0,60.15625,Work,1.0,Poor,347446.0,43.6885655593,-79.4397854793,0.03125,F,"(325000, 350000]"
92,Oakwood Village,York,107.0,63.4375,Work,3.0,Good,482040.0,43.7068004906,-79.3122277655,0.03125,F,"(475000, 500000]"
97,Playter Estates-Danforth,East Toronto,67.0,63.03125000000001,Work,3.0,Good,842668.0,43.6797004697,-79.3548872857,0.03125,F,"(800000, 850000]"
100,Regent Park,Downtown Toronto,72.0,59.43750000000001,Work,2.0,Fair,484444.0,43.659992142200004,-79.3605088051,0.03125,F,"(475000, 500000]"
101,Rexdale-Kipling,Etobicoke,4.0,67.84375,Work,1.0,Poor,392271.0,43.723725477200006,-79.5662284127,0.03125,F,"(375000, 400000]"
102,Rockcliffe-Smythe,York,111.0,63.84375,Work,2.0,Fair,353967.0,43.6747904521,-79.4944204513,0.03125,F,"(350000, 375000]"
107,Rustic,North York,28.0,67.53125,Work,2.0,Fair,493442.0,43.7116091166,-79.4980914696,0.03125,F,"(475000, 500000]"
108,Scarborough Village,Scarborough,139.0,53.78124999999999,Work,1.0,Poor,356096.0,43.7386518596,-79.216812619,0.03125,F,"(350000, 375000]"
109,South Parkdale,West Toronto,85.0,59.03125,Work,2.0,Fair,500054.0,43.6366995242,-79.43933783119999,0.03125,F,"(500000, 525000]"
114,Tam O'Shanter-Sullivan,Scarborough,118.0,68.09375,Work,2.0,Fair,411143.0,43.7801298547,-79.3029187122,0.03125,F,"(400000, 425000]"
115,Taylor-Massey,East York,61.0,64.25,Work,1.0,Poor,254151.0,43.6949981893,-79.2959011188,0.03125,F,"(250000, 300000]"
117,Thistletown-Beaumond Heights,Etobicoke,3.0,68.0,Work,1.0,Poor,414216.0,43.737987917299996,-79.56349101720001,0.03125,F,"(400000, 425000]"
119,Trinity-Bellwoods,West Toronto,81.0,68.84374999999999,Work,3.0,Good,723909.0,43.6501763,-79.4153421634,0.03125,F,"(700000, 750000]"
120,University,Downtown Toronto,79.0,62.78125,Work,2.0,Fair,773920.0,43.6625062026,-79.401179748,0.03125,F,"(750000, 800000]"
121,Victoria Village,North York,43.0,67.84375,Work,1.0,Poor,365107.0,43.728489019399994,-79.31487382649999,0.03125,F,"(350000, 375000]"
123,West Hill,Scarborough,136.0,63.59374999999999,Work,1.0,Poor,308229.0,43.7674902567,-79.1766760264,0.03125,F,"(300000, 325000]"
126,Weston,York,113.0,57.125,Work,1.0,Poor,280187.0,43.702716046300004,-79.5157225505,0.03125,F,"(250000, 300000]"
127,Weston-Pellam Park,West Toronto,91.0,60.15625,Work,2.0,Fair,382119.0,43.67396203770001,-79.4602439114,0.03125,F,"(375000, 400000]"
128,Wexford/Maryvale,Scarborough,119.0,63.59375000000001,Work,2.0,Fair,422689.0,43.7485721411,-79.2986365699,0.03125,F,"(400000, 425000]"
131,Willowridge-Martingrove-Richview,Etobicoke,7.0,67.28125,Work,2.0,Fair,511637.0,43.6889054,-79.5547244,0.03125,F,"(500000, 525000]"
132,Woburn,Scarborough,137.0,67.84375,Work,1.0,Poor,316584.0,43.766740239300006,-79.2285857671,0.03125,F,"(300000, 325000]"
138,York University Heights,North York,27.0,49.93749999999999,Work,1.0,Poor,359372.0,43.765736490900004,-79.4888829298,0.03125,F,"(350000, 375000]"
10,Beechborough-Greenbrook,York,112.0,56.8125,Health,3.0,Good,440179.0,43.6932164866,-79.4794725057,0.03125,F,"(425000, 450000]"
13,Black Creek,North York,24.0,50.5,Health,1.0,Poor,235143.0,43.7648902472,-79.5219793188,0.03125,F,"(200000, 250000]"
18,Brookhaven-Amesbury,North York,30.0,54.1875,Health,1.0,Poor,352428.0,43.701326305600006,-79.485589259,0.03125,F,"(350000, 375000]"
20,Caledonia-Fairbank,York,109.0,63.4375,Health,1.0,Poor,400532.0,43.688568651000004,-79.4552120796,0.03125,F,"(400000, 425000]"
24,Clairlea-Birchmount,Scarborough,120.0,67.03125,Health,3.0,Good,387912.0,43.713592375,-79.28138178420001,0.03125,F,"(375000, 400000]"
33,Downsview-Roding-CFB,North York,26.0,63.6875,Health,3.0,Good,400486.0,43.7332923453,-79.4904973518,0.03125,F,"(400000, 425000]"
34,Dufferin Grove,West Toronto,83.0,63.03125000000001,Health,1.0,Poor,502736.0,43.6554283326,-79.4373410365,0.03125,F,"(500000, 525000]"
37,Eglinton East,Scarborough,138.0,57.21874999999999,Health,3.0,Good,274020.0,43.7409222979,-79.245598036,0.03125,F,"(250000, 300000]"
38,Elms-Old Rexdale,Etobicoke,5.0,64.65625,Health,3.0,Good,233832.0,43.721518868400004,-79.54898271649999,0.03125,F,"(200000, 250000]"
39,Englemount-Lawrence,North York,32.0,64.25,Health,1.0,Poor,577889.0,43.7203446653,-79.43740855,0.03125,F,"(575000, 600000]"
42,Flemingdon Park,North York,44.0,64.90625,Health,3.0,Good,204104.0,43.715929753999994,-79.3326459673,0.03125,F,"(200000, 250000]"
45,Glenfield-Jane Heights,North York,25.0,50.5,Health,1.0,Poor,304262.0,43.745635749799995,-79.5134653159,0.03125,F,"(300000, 325000]"
55,Humbermede,North York,22.0,64.0,Health,3.0,Good,314721.0,43.7434295175,-79.5423671192,0.03125,F,"(300000, 325000]"
57,Ionview,Scarborough,125.0,57.62500000000001,Health,1.0,Poor,330109.0,43.735364407700004,-79.27247049420001,0.03125,F,"(325000, 350000]"
61,Kennedy Park,Scarborough,124.0,63.84375,Health,3.0,Good,293600.0,43.725555723199996,-79.2603822071,0.03125,F,"(250000, 300000]"
63,Kingsview Village-The Westway,Etobicoke,6.0,67.84374999999999,Health,2.0,Fair,292861.0,43.698992572200005,-79.5478633059,0.03125,F,"(250000, 300000]"
80,Mount Dennis,York,115.0,60.40624999999999,Health,3.0,Good,273418.0,43.6881440868,-79.4999890581,0.03125,F,"(250000, 300000]"
81,Mount Olive-Silverstone-Jamestown,Etobicoke,2.0,61.21875,Health,2.0,Fair,251119.0,43.7468678027,-79.58725926460001,0.03125,F,"(250000, 300000]"
84,New Toronto,Etobicoke,18.0,59.84374999999999,Health,3.0,Good,460811.0,43.6005885981,-79.5103580889,0.03125,F,"(450000, 475000]"
86,Newtonbrook West,North York,36.0,63.12500000000001,Health,3.0,Good,557468.0,43.789053,-79.4084928,0.03125,F,"(550000, 575000]"
89,North St.James Town,Downtown Toronto,74.0,62.21875,Health,3.0,Good,489366.0,43.6696234081,-79.3752465775,0.03125,F,"(475000, 500000]"
90,O'Connor-Parkview,East York,54.0,53.625,Health,2.0,Fair,538203.0,43.6974081338,-79.2797083433,0.03125,F,"(525000, 550000]"
91,Oakridge,Scarborough,121.0,60.15625,Health,2.0,Fair,347446.0,43.6885655593,-79.4397854793,0.03125,F,"(325000, 350000]"
92,Oakwood Village,York,107.0,63.4375,Health,1.0,Poor,482040.0,43.7068004906,-79.3122277655,0.03125,F,"(475000, 500000]"
97,Playter Estates-Danforth,East Toronto,67.0,63.03125000000001,Health,1.0,Poor,842668.0,43.6797004697,-79.3548872857,0.03125,F,"(800000, 850000]"
100,Regent Park,Downtown Toronto,72.0,59.43750000000001,Health,1.0,Poor,484444.0,43.659992142200004,-79.3605088051,0.03125,F,"(475000, 500000]"
101,Rexdale-Kipling,Etobicoke,4.0,67.84375,Health,3.0,Good,392271.0,43.723725477200006,-79.5662284127,0.03125,F,"(375000, 400000]"
102,Rockcliffe-Smythe,York,111.0,63.84375,Health,3.0,Good,353967.0,43.6747904521,-79.4944204513,0.03125,F,"(350000, 375000]"
107,Rustic,North York,28.0,67.53125,Health,4.0,Excellent,493442.0,43.7116091166,-79.4980914696,0.03125,F,"(475000, 500000]"
108,Scarborough Village,Scarborough,139.0,53.78124999999999,Health,2.0,Fair,356096.0,43.7386518596,-79.216812619,0.03125,F,"(350000, 375000]"
109,South Parkdale,West Toronto,85.0,59.03125,Health,3.0,Good,500054.0,43.6366995242,-79.43933783119999,0.03125,F,"(500000, 525000]"
114,Tam O'Shanter-Sullivan,Scarborough,118.0,68.09375,Health,1.0,Poor,411143.0,43.7801298547,-79.3029187122,0.03125,F,"(400000, 425000]"
115,Taylor-Massey,East York,61.0,64.25,Health,2.0,Fair,254151.0,43.6949981893,-79.2959011188,0.03125,F,"(250000, 300000]"
117,Thistletown-Beaumond Heights,Etobicoke,3.0,68.0,Health,1.0,Poor,414216.0,43.737987917299996,-79.56349101720001,0.03125,F,"(400000, 425000]"
119,Trinity-Bellwoods,West Toronto,81.0,68.84374999999999,Health,2.0,Fair,723909.0,43.6501763,-79.4153421634,0.03125,F,"(700000, 750000]"
120,University,Downtown Toronto,79.0,62.78125,Health,1.0,Poor,773920.0,43.6625062026,-79.401179748,0.03125,F,"(750000, 800000]"
121,Victoria Village,North York,43.0,67.84375,Health,3.0,Good,365107.0,43.728489019399994,-79.31487382649999,0.03125,F,"(350000, 375000]"
123,West Hill,Scarborough,136.0,63.59374999999999,Health,3.0,Good,308229.0,43.7674902567,-79.1766760264,0.03125,F,"(300000, 325000]"
126,Weston,York,113.0,57.125,Health,1.0,Poor,280187.0,43.702716046300004,-79.5157225505,0.03125,F,"(250000, 300000]"
127,Weston-Pellam Park,West Toronto,91.0,60.15625,Health,1.0,Poor,382119.0,43.67396203770001,-79.4602439114,0.03125,F,"(375000, 400000]"
128,Wexford/Maryvale,Scarborough,119.0,63.59375000000001,Health,1.0,Poor,422689.0,43.7485721411,-79.2986365699,0.03125,F,"(400000, 425000]"
131,Willowridge-Martingrove-Richview,Etobicoke,7.0,67.28125,Health,3.0,Good,511637.0,43.6889054,-79.5547244,0.03125,F,"(500000, 525000]"
132,Woburn,Scarborough,137.0,67.84375,Health,3.0,Good,316584.0,43.766740239300006,-79.2285857671,0.03125,F,"(300000, 325000]"
138,York University Heights,North York,27.0,49.93749999999999,Health,1.0,Poor,359372.0,43.765736490900004,-79.4888829298,0.03125,F,"(350000, 375000]"
